Device_id,Model Name,Model ID,Task ID,Stream ID,Infer ID,Op Name,OP Type,OP State,Task Type,Task Start Time(us),Task Duration(us),Task Wait Time(us),Block Dim,Mix Block Dim,HF32 Eligible,Input Shapes,Input Data Types,Input Formats,Output Shapes,Output Data Types,Output Formats,Context ID,aicore_time(us),total_cycles,vec_exe_time(us),vec_exe_ratio,mac_exe_time(us),mac_exe_ratio,scalar_exe_time(us),scalar_exe_ratio,mte1_exe_time(us),mte1_exe_ratio,mte2_exe_time(us),mte2_exe_ratio,mte3_exe_time(us),mte3_exe_ratio,fixpipe_exe_time(us),fixpipe_exe_ratio,memory_bound
0,yolo11n_pose_640_aipp_pc_baseline,1,0,2,1,images_0_aipp/model.0/conv/Conv,Conv2D,static,AI_CORE,1784291623120383.951	,653.659,0,1,0,YES,"""1,640,640,3;9,1,16,16;16""",UINT8;FLOAT16;FLOAT16,NHWC;FRACTAL_Z;FORMAT_ND,"""1,1,320,320,16""",FLOAT16,NC1HWC0,N/A,266.3,325954,0.0,0.0,92.646,0.348,18.503,0.069,150.715,0.566,156.676,0.588,0.002,0.0,220.883,0.829,1.69
0,yolo11n_pose_640_aipp_pc_baseline,1,1,2,1,/model.0/act/Sigmoid/model.0/act/Mul,AutomaticBufferFusionOp,static,AI_VECTOR_CORE,1784291623121037.673	,475.218,0.063,1,0,NO,"""1,1,320,320,16;1,1,320,320,16""",FLOAT16;FLOAT16,NC1HWC0;NC1HWC0,"""1,1,320,320,16""",FLOAT16,NC1HWC0,N/A,193.54,236889,125.031,0.646,0.0,0.0,3.928,0.02,0.0,0.0,184.138,0.951,132.49,0.685,0.0,0.0,1.472
0,yolo11n_pose_640_aipp_pc_baseline,1,2,2,1,/model.1/conv/Conv/model.1/act/Sigmoid/model.1/act/Mul,Conv2D,static,AI_CORE,1784291623121512.974	,480.739,0.083,1,0,YES,"""1,1,320,320,16;9,2,16,16;32""",FLOAT16;FLOAT16;FLOAT16,NC1HWC0;FRACTAL_Z;FORMAT_ND,"""1,2,160,160,16""",FLOAT16,NC1HWC0,N/A,195.8,239657,60.867,0.311,46.147,0.236,16.062,0.082,56.059,0.286,169.991,0.868,85.755,0.438,27.075,0.138,2.791
0,yolo11n_pose_640_aipp_pc_baseline,1,4,2,1,/model.2/cv1/conv/Conv/model.2/cv1/act/Sigmoid/model.2/cv1/act/Mul,Conv2D,static,AI_CORE,1784291623121993.942	,285.464,0.229,1,0,YES,"""1,2,160,160,16;2,2,16,16;32""",FLOAT16;FLOAT16;FLOAT16,NC1HWC0;FRACTAL_Z;FORMAT_ND,"""1,2,160,160,16""",FLOAT16,NC1HWC0,N/A,116.02,142005,60.417,0.521,107.181,0.924,1.567,0.014,3.528,0.03,54.672,0.471,52.995,0.457,13.015,0.112,0.51
0,yolo11n_pose_640_aipp_pc_baseline,1,7,2,1,PartitionedCall_/model.2/Split_SplitV_2,SplitVD,static,AI_VECTOR_CORE,1784291623122279.782	,164.753,0.375,1,0,NO,"""1,2,160,160,16""",FLOAT16,NC1HWC0,"""1,1,160,160,16;1,1,160,160,16""",FLOAT16;FLOAT16,NC1HWC0;NC1HWC0,N/A,66.73,81676,0.0,0.0,0.0,0.0,0.292,0.004,0.0,0.0,26.861,0.403,39.284,0.589,0.0,0.0,0
0,yolo11n_pose_640_aipp_pc_baseline,1,8,2,1,/model.2/m.0/cv1/conv/Conv/model.2/m.0/cv1/act/Sigmoid/model.2/m.0/cv1/act/Mul,Conv2D,static,AI_CORE,1784291623122444.619	,122.378,0.083,1,0,YES,"""1,1,160,160,16;9,1,16,16;8""",FLOAT16;FLOAT16;FLOAT16,NC1HWC0;FRACTAL_Z;FORMAT_ND,"""1,1,160,160,16""",FLOAT16,NC1HWC0,N/A,49.42,60484,30.436,0.616,26.23,0.531,2.449,0.05,15.848,0.321,9.746,0.197,18.031,0.365,7.524,0.152,0.32
0,yolo11n_pose_640_aipp_pc_baseline,1,11,2,1,/model.2/m.0/cv2/conv/Conv/model.2/m.0/cv2/act/Sigmoid/model.2/m.0/cv2/act/Mul,Conv2D,static,AI_CORE,1784291623122567.392	,118.336,0.396,1,0,YES,"""1,1,160,160,16;9,1,16,16;16""",FLOAT16;FLOAT16;FLOAT16,NC1HWC0;FRACTAL_Z;FORMAT_ND,"""1,1,160,160,16""",FLOAT16,NC1HWC0,N/A,47.75,58451,30.43,0.637,26.225,0.549,2.269,0.048,15.845,0.332,7.257,0.152,23.552,0.493,7.523,0.158,0.239
0,yolo11n_pose_640_aipp_pc_baseline,1,14,2,1,/model.2/m.0/Add,Add,static,AI_VECTOR_CORE,1784291623122686.103	,94.502,0.375,1,0,NO,"""1,1,160,160,16;1,1,160,160,16""",FLOAT16;FLOAT16,NC1HWC0;NC1HWC0,"""1,1,160,160,16""",FLOAT16,NC1HWC0,N/A,38.02,46539,4.096,0.108,0.0,0.0,1.005,0.026,0.0,0.0,35.309,0.929,29.025,0.763,0.0,0.0,8.602
0,yolo11n_pose_640_aipp_pc_baseline,1,16,2,1,/model.2/cv2/conv/Conv/model.2/cv2/act/Sigmoid/model.2/cv2/act/Mul,Conv2D,static,AI_CORE,1784291623122780.855	,457.614,0.25,1,0,YES,"""1,3,160,160,16;3,4,16,16;64""",FLOAT16;FLOAT16;FLOAT16,NC1HWC0;FRACTAL_Z;FORMAT_ND,"""1,4,160,160,16""",FLOAT16,NC1HWC0,N/A,186.34,228084,126.562,0.679,101.85,0.547,7.243,0.039,4.087,0.022,87.491,0.47,97.279,0.522,84.657,0.454,0.692
0,yolo11n_pose_640_aipp_pc_baseline,1,17,2,1,/model.3/conv/Conv/model.3/act/Sigmoid/model.3/act/Mul,Conv2D,static,AI_CORE,1784291623123238.531	,424.967,0.063,1,0,YES,"""1,4,160,160,16;36,4,16,16;64""",FLOAT16;FLOAT16;FLOAT16,NC1HWC0;FRACTAL_Z;FORMAT_ND,"""1,4,80,80,16""",FLOAT16,NC1HWC0,N/A,173.02,211772,33.318,0.193,62.9,0.364,14.874,0.086,34.847,0.201,150.799,0.872,43.169,0.25,16.751,0.097,2.396
0,yolo11n_pose_640_aipp_pc_baseline,1,19,2,1,/model.4/cv1/conv/Conv/model.4/cv1/act/Sigmoid/model.4/cv1/act/Mul,Conv2D,static,AI_CORE,1784291623123663.727	,88.002,0.229,1,0,YES,"""1,4,80,80,16;4,4,16,16;64""",FLOAT16;FLOAT16;FLOAT16,NC1HWC0;FRACTAL_Z;FORMAT_ND,"""1,4,80,80,16""",FLOAT16,NC1HWC0,N/A,35.37,43296,31.713,0.897,6.036,0.171,2.204,0.062,2.193,0.062,17.367,0.491,23.449,0.663,6.737,0.19,0.547
0,yolo11n_pose_640_aipp_pc_baseline,1,21,2,1,PartitionedCall_/model.4/Split_SplitV_6,SplitVD,static,AI_VECTOR_CORE,1784291623123751.958	,58.23,0.229,1,0,NO,"""1,4,80,80,16""",FLOAT16,NC1HWC0,"""1,2,80,80,16;1,2,80,80,16""",FLOAT16;FLOAT16,NC1HWC0;NC1HWC0,N/A,23.21,28408,0.0,0.0,0.0,0.0,0.138,0.006,0.0,0.0,8.406,0.362,14.191,0.611,0.0,0.0,0
0,yolo11n_pose_640_aipp_pc_baseline,1,22,2,1,/model.4/m.0/cv1/conv/Conv/model.4/m.0/cv1/act/Sigmoid/model.4/m.0/cv1/act/Mul,Conv2D,static,AI_CORE,1784291623123810.272	,57.168,0.083,1,0,YES,"""1,2,80,80,16;18,1,16,16;16""",FLOAT16;FLOAT16;FLOAT16,NC1HWC0;FRACTAL_Z;FORMAT_ND,"""1,1,80,80,16""",FLOAT16,NC1HWC0,N/A,22.78,27887,7.658,0.336,12.539,0.55,1.711,0.075,8.183,0.359,3.675,0.161,3.385,0.149,8.145,0.358,0.293
0,yolo11n_pose_640_aipp_pc_baseline,1,24,2,1,/model.4/m.0/cv2/conv/Conv/model.4/m.0/cv2/act/Sigmoid/model.4/m.0/cv2/act/Mul,Conv2D,static,AI_CORE,1784291623123867.669	,64.626,0.229,1,0,YES,"""1,1,80,80,16;9,2,16,16;32""",FLOAT16;FLOAT16;FLOAT16,NC1HWC0;FRACTAL_Z;FORMAT_ND,"""1,2,80,80,16""",FLOAT16,NC1HWC0,N/A,25.82,31605,15.318,0.593,16.962,0.657,2.112,0.082,8.184,0.317,10.272,0.398,7.474,0.289,3.502,0.136,0.606
0,yolo11n_pose_640_aipp_pc_baseline,1,26,2,1,/model.4/m.0/Add,Add,static,AI_VECTOR_CORE,1784291623123932.524	,58.96,0.229,1,0,NO,"""1,2,80,80,16;1,2,80,80,16""",FLOAT16;FLOAT16,NC1HWC0;NC1HWC0,"""1,2,80,80,16""",FLOAT16,NC1HWC0,N/A,23.51,28774,2.077,0.088,0.0,0.0,0.323,0.014,0.0,0.0,21.512,0.915,20.167,0.858,0.0,0.0,10.398
0,yolo11n_pose_640_aipp_pc_baseline,1,28,2,1,/model.4/cv2/conv/Conv/model.4/cv2/act/Sigmoid/model.4/cv2/act/Mul,Conv2D,static,AI_CORE,1784291623123991.713	,325.819,0.229,1,0,YES,"""1,6,80,80,16;6,8,16,16;128""",FLOAT16;FLOAT16;FLOAT16,NC1HWC0;FRACTAL_Z;FORMAT_ND,"""1,8,80,80,16""",FLOAT16,NC1HWC0,N/A,132.52,162204,71.079,0.536,122.723,0.926,4.748,0.036,4.696,0.035,25.47,0.192,56.755,0.428,19.827,0.15,0.207
0,yolo11n_pose_640_aipp_pc_baseline,1,29,2,1,/model.5/conv/Conv/model.5/act/Sigmoid/model.5/act/Mul,Conv2D,static,AI_CORE,1784291623124317.616	,215.359,0.083,1,0,YES,"""1,8,80,80,16;72,8,16,16;128""",FLOAT16;FLOAT16;FLOAT16,NC1HWC0;FRACTAL_Z;FORMAT_ND,"""1,8,40,40,16""",FLOAT16,NC1HWC0,N/A,87.4,106976,18.16,0.208,50.042,0.573,9.521,0.109,20.276,0.232,34.027,0.389,19.211,0.22,9.673,0.111,0.679
0,yolo11n_pose_640_aipp_pc_baseline,1,31,2,1,/model.6/cv1/conv/Conv/model.6/cv1/act/Sigmoid/model.6/cv1/act/Mul,Conv2D,static,AI_CORE,1784291623124533.204	,76.689,0.229,1,0,YES,"""1,8,40,40,16;8,8,16,16;128""",FLOAT16;FLOAT16;FLOAT16,NC1HWC0;FRACTAL_Z;FORMAT_ND,"""1,8,40,40,16""",FLOAT16,NC1HWC0,N/A,30.74,37630,16.223,0.528,23.079,0.751,1.53,0.05,1.642,0.053,8.26,0.269,11.952,0.389,4.573,0.149,0.358
0,yolo11n_pose_640_aipp_pc_baseline,1,33,2,1,PartitionedCall_/model.6/Split_SplitV_26,SplitVD,static,AI_VECTOR_CORE,1784291623124610.122	,28.459,0.229,1,0,NO,"""1,8,40,40,16""",FLOAT16,NC1HWC0,"""1,4,40,40,16;1,4,40,40,16""",FLOAT16;FLOAT16,NC1HWC0;NC1HWC0,N/A,11.06,13534,0.0,0.0,0.0,0.0,0.432,0.039,0.0,0.0,4.854,0.439,6.55,0.592,0.0,0.0,0
0,yolo11n_pose_640_aipp_pc_baseline,1,36,2,1,/model.6/m.0/cv1/conv/Conv/model.6/m.0/cv1/act/Sigmoid/model.6/m.0/cv1/act/Mul,Conv2D,static,AI_CORE,1784291623124638.977	,19.167,0.396,1,0,YES,"""1,4,40,40,16;4,2,16,16;32""",FLOAT16;FLOAT16;FLOAT16,NC1HWC0;FRACTAL_Z;FORMAT_ND,"""1,2,40,40,16""",FLOAT16,NC1HWC0,N/A,7.26,8886,3.799,0.523,1.252,0.172,0.513,0.071,0.741,0.102,2.072,0.285,2.73,0.376,1.708,0.235,0.545
0,yolo11n_pose_640_aipp_pc_baseline,1,38,2,1,/model.6/m.0/m/m.0/cv1/conv/Conv/model.6/m.0/m/m.0/cv1/act/Sigmoid/model.6/m.0/m/m.0/cv1/act/Mul,Conv2D,static,AI_CORE,1784291623124658.394	,25.021,0.25,1,0,YES,"""1,2,40,40,16;18,2,16,16;32""",FLOAT16;FLOAT16;FLOAT16,NC1HWC0;FRACTAL_Z;FORMAT_ND,"""1,2,40,40,16""",FLOAT16,NC1HWC0,N/A,9.64,11803,3.863,0.401,5.714,0.593,2.155,0.224,4.86,0.504,6.229,0.646,1.76,0.183,1.861,0.193,1.089
0,yolo11n_pose_640_aipp_pc_baseline,1,40,2,1,/model.6/m.0/m/m.0/cv2/conv/Conv/model.6/m.0/m/m.0/cv2/act/Sigmoid/model.6/m.0/m/m.0/cv2/act/Mul,Conv2D,static,AI_CORE,1784291623124683.644	,24.438,0.229,1,0,YES,"""1,2,40,40,16;18,2,16,16;32""",FLOAT16;FLOAT16;FLOAT16,NC1HWC0;FRACTAL_Z;FORMAT_ND,"""1,2,40,40,16""",FLOAT16,NC1HWC0,N/A,9.41,11515,3.865,0.411,5.533,0.588,1.955,0.208,4.863,0.517,6.114,0.65,1.807,0.192,1.88,0.2,1.105
0,yolo11n_pose_640_aipp_pc_baseline,1,43,2,1,/model.6/m.0/m/m.0/Add,Add,static,AI_VECTOR_CORE,1784291623124708.457	,10.938,0.375,1,0,NO,"""1,2,40,40,16;1,2,40,40,16""",FLOAT16;FLOAT16,NC1HWC0;NC1HWC0,"""1,2,40,40,16""",FLOAT16,NC1HWC0,N/A,3.89,4761,0.474,0.122,0.0,0.0,0.181,0.046,0.0,0.0,2.814,0.723,2.324,0.597,0.0,0.0,5.926
0,yolo11n_pose_640_aipp_pc_baseline,1,46,2,1,/model.6/m.0/m/m.1/cv1/conv/Conv/model.6/m.0/m/m.1/cv1/act/Sigmoid/model.6/m.0/m/m.1/cv1/act/Mul,Conv2D,static,AI_CORE,1784291623124719.791	,24.48,0.396,1,0,YES,"""1,2,40,40,16;18,2,16,16;32""",FLOAT16;FLOAT16;FLOAT16,NC1HWC0;FRACTAL_Z;FORMAT_ND,"""1,2,40,40,16""",FLOAT16,NC1HWC0,N/A,9.42,11529,3.865,0.41,5.877,0.624,1.956,0.208,4.862,0.516,6.3,0.669,1.762,0.187,1.882,0.2,1.072
0,yolo11n_pose_640_aipp_pc_baseline,1,49,2,1,/model.6/m.0/m/m.1/cv2/conv/Conv/model.6/m.0/m/m.1/cv2/act/Sigmoid/model.6/m.0/m/m.1/cv2/act/Mul,Conv2D,static,AI_CORE,1784291623124744.666	,24.563,0.396,1,0,YES,"""1,2,40,40,16;18,2,16,16;32""",FLOAT16;FLOAT16;FLOAT16,NC1HWC0;FRACTAL_Z;FORMAT_ND,"""1,2,40,40,16""",FLOAT16,NC1HWC0,N/A,9.46,11577,3.865,0.409,5.849,0.618,1.977,0.209,4.862,0.514,6.267,0.663,1.794,0.19,1.883,0.199,1.073
0,yolo11n_pose_640_aipp_pc_baseline,1,51,2,1,/model.6/m.0/m/m.1/Add,Add,static,AI_VECTOR_CORE,1784291623124769.459	,11.021,0.229,1,0,NO,"""1,2,40,40,16;1,2,40,40,16""",FLOAT16;FLOAT16,NC1HWC0;NC1HWC0,"""1,2,40,40,16""",FLOAT16,NC1HWC0,N/A,3.93,4811,0.474,0.121,0.0,0.0,0.176,0.045,0.0,0.0,2.876,0.732,2.429,0.618,0.0,0.0,6.05
0,yolo11n_pose_640_aipp_pc_baseline,1,53,2,1,/model.6/m.0/cv2/conv/Conv/model.6/m.0/cv2/act/Sigmoid/model.6/m.0/cv2/act/Mul,Conv2D,static,AI_CORE,1784291623124780.709	,20.48,0.229,1,0,YES,"""1,4,40,40,16;4,2,16,16;32""",FLOAT16;FLOAT16;FLOAT16,NC1HWC0;FRACTAL_Z;FORMAT_ND,"""1,2,40,40,16""",FLOAT16,NC1HWC0,N/A,7.79,9532,3.8,0.488,1.342,0.172,0.248,0.032,0.64,0.082,3.793,0.487,1.609,0.207,3.256,0.418,0.998
0,yolo11n_pose_640_aipp_pc_baseline,1,55,2,1,/model.6/m.0/cv3/conv/Conv/model.6/m.0/cv3/act/Sigmoid/model.6/m.0/cv3/act/Mul,Conv2D,static,AI_CORE,1784291623124801.418	,53.376,0.229,1,0,YES,"""1,4,40,40,16;4,4,16,16;64""",FLOAT16;FLOAT16;FLOAT16,NC1HWC0;FRACTAL_Z;FORMAT_ND,"""1,4,40,40,16""",FLOAT16,NC1HWC0,N/A,21.22,25977,7.681,0.362,13.72,0.647,0.591,0.028,0.701,0.033,2.206,0.104,14.702,0.693,2.224,0.105,0.161
0,yolo11n_pose_640_aipp_pc_baseline,1,57,2,1,/model.6/cv2/conv/Conv/model.6/cv2/act/Sigmoid/model.6/cv2/act/Mul,Conv2D,static,AI_CORE,1784291623124855.023	,73.064,0.229,1,0,YES,"""1,12,40,40,16;12,8,16,16;128""",FLOAT16;FLOAT16;FLOAT16,NC1HWC0;FRACTAL_Z;FORMAT_ND,"""1,8,40,40,16""",FLOAT16,NC1HWC0,N/A,29.27,35824,16.232,0.555,9.731,0.332,2.07,0.071,2.71,0.093,18.925,0.647,17.711,0.605,3.48,0.119,1.166
0,yolo11n_pose_640_aipp_pc_baseline,1,58,2,1,/model.7/conv/Conv/model.7/act/Sigmoid/model.7/act/Mul,Conv2D,static,AI_CORE,1784291623124928.149	,117.086,0.063,1,0,YES,"""1,8,40,40,16;72,16,16,16;256""",FLOAT16;FLOAT16;FLOAT16,NC1HWC0;FRACTAL_Z;FORMAT_ND,"""1,16,20,20,16""",FLOAT16,NC1HWC0,N/A,47.25,57835,8.301,0.176,36.161,0.765,4.193,0.089,12.297,0.26,30.653,0.649,4.767,0.101,4.442,0.094,0.848
0,yolo11n_pose_640_aipp_pc_baseline,1,60,2,1,/model.8/cv1/conv/Conv/model.8/cv1/act/Sigmoid/model.8/cv1/act/Mul,Conv2D,static,AI_CORE,1784291623125045.464	,61.668,0.229,1,0,YES,"""1,16,20,20,16;16,16,16,16;256""",FLOAT16;FLOAT16;FLOAT16,NC1HWC0;FRACTAL_Z;FORMAT_ND,"""1,16,20,20,16""",FLOAT16,NC1HWC0,N/A,24.62,30132,9.413,0.382,16.405,0.666,2.049,0.083,0.74,0.03,8.593,0.349,8.691,0.353,5.113,0.208,0.524
0,yolo11n_pose_640_aipp_pc_baseline,1,62,2,1,PartitionedCall_/model.8/Split_SplitV_53,SplitVD,static,AI_VECTOR_CORE,1784291623125107.361	,14.459,0.229,1,0,NO,"""1,16,20,20,16""",FLOAT16,NC1HWC0,"""1,8,20,20,16;1,8,20,20,16""",FLOAT16;FLOAT16,NC1HWC0;NC1HWC0,N/A,5.33,6520,0.0,0.0,0.0,0.0,0.111,0.021,0.0,0.0,1.792,0.336,2.908,0.546,0.0,0.0,0
0,yolo11n_pose_640_aipp_pc_baseline,1,65,2,1,/model.8/m.0/cv1/conv/Conv/model.8/m.0/cv1/act/Sigmoid/model.8/m.0/cv1/act/Mul,Conv2D,static,AI_CORE,1784291623125122.195	,12.75,0.375,1,0,YES,"""1,8,20,20,16;8,4,16,16;64""",FLOAT16;FLOAT16;FLOAT16,NC1HWC0;FRACTAL_Z;FORMAT_ND,"""1,4,20,20,16""",FLOAT16,NC1HWC0,N/A,4.63,5672,1.917,0.414,0.935,0.202,0.207,0.045,0.383,0.083,1.284,0.277,0.928,0.2,1.32,0.285,0.669
0,yolo11n_pose_640_aipp_pc_baseline,1,66,2,1,/model.8/m.0/m/m.0/cv1/conv/Conv/model.8/m.0/m/m.0/cv1/act/Sigmoid/model.8/m.0/m/m.0/cv1/act/Mul,Conv2D,static,AI_CORE,1784291623125135.029	,22.646,0.083,1,0,YES,"""1,4,20,20,16;36,4,16,16;64""",FLOAT16;FLOAT16;FLOAT16,NC1HWC0;FRACTAL_Z;FORMAT_ND,"""1,4,20,20,16""",FLOAT16,NC1HWC0,N/A,8.68,10627,2.04,0.235,5.648,0.651,0.647,0.075,1.919,0.221,6.316,0.728,1.205,0.139,1.304,0.15,1.118
0,yolo11n_pose_640_aipp_pc_baseline,1,68,2,1,/model.8/m.0/m/m.0/cv2/conv/Conv/model.8/m.0/m/m.0/cv2/act/Sigmoid/model.8/m.0/m/m.0/cv2/act/Mul,Conv2D,static,AI_CORE,1784291623125157.904	,22.063,0.229,1,0,YES,"""1,4,20,20,16;36,4,16,16;64""",FLOAT16;FLOAT16;FLOAT16,NC1HWC0;FRACTAL_Z;FORMAT_ND,"""1,4,20,20,16""",FLOAT16,NC1HWC0,N/A,8.43,10315,2.041,0.242,5.649,0.67,0.632,0.075,1.92,0.228,6.171,0.732,1.187,0.141,1.303,0.155,1.093
0,yolo11n_pose_640_aipp_pc_baseline,1,71,2,1,/model.8/m.0/m/m.0/Add,Add,static,AI_VECTOR_CORE,1784291623125180.342	,8.938,0.375,1,0,NO,"""1,4,20,20,16;1,4,20,20,16""",FLOAT16;FLOAT16,NC1HWC0;NC1HWC0,"""1,4,20,20,16""",FLOAT16,NC1HWC0,N/A,3.08,3769,0.195,0.063,0.0,0.0,0.304,0.099,0.0,0.0,0.989,0.321,0.799,0.259,0.0,0.0,5.095
0,yolo11n_pose_640_aipp_pc_baseline,1,72,2,1,/model.8/m.0/m/m.1/cv1/conv/Conv/model.8/m.0/m/m.1/cv1/act/Sigmoid/model.8/m.0/m/m.1/cv1/act/Mul,Conv2D,static,AI_CORE,1784291623125189.363	,22.0,0.083,1,0,YES,"""1,4,20,20,16;36,4,16,16;64""",FLOAT16;FLOAT16;FLOAT16,NC1HWC0;FRACTAL_Z;FORMAT_ND,"""1,4,20,20,16""",FLOAT16,NC1HWC0,N/A,8.41,10299,2.039,0.242,5.647,0.672,0.619,0.074,1.917,0.228,6.22,0.74,1.195,0.142,1.307,0.155,1.101
0,yolo11n_pose_640_aipp_pc_baseline,1,75,2,1,/model.8/m.0/m/m.1/cv2/conv/Conv/model.8/m.0/m/m.1/cv2/act/Sigmoid/model.8/m.0/m/m.1/cv2/act/Mul,Conv2D,static,AI_CORE,1784291623125211.759	,22.042,0.396,1,0,YES,"""1,4,20,20,16;36,4,16,16;64""",FLOAT16;FLOAT16;FLOAT16,NC1HWC0;FRACTAL_Z;FORMAT_ND,"""1,4,20,20,16""",FLOAT16,NC1HWC0,N/A,8.43,10317,2.04,0.242,5.65,0.67,0.651,0.077,1.919,0.228,6.199,0.735,1.205,0.143,1.309,0.155,1.097
0,yolo11n_pose_640_aipp_pc_baseline,1,77,2,1,/model.8/m.0/m/m.1/Add,Add,static,AI_VECTOR_CORE,1784291623125234.031	,7.042,0.229,1,0,NO,"""1,4,20,20,16;1,4,20,20,16""",FLOAT16;FLOAT16,NC1HWC0;NC1HWC0,"""1,4,20,20,16""",FLOAT16,NC1HWC0,N/A,2.3,2818,0.195,0.085,0.0,0.0,0.126,0.055,0.0,0.0,0.948,0.412,0.811,0.353,0.0,0.0,4.847
0,yolo11n_pose_640_aipp_pc_baseline,1,81,2,1,/model.8/m.0/cv2/conv/Conv/model.8/m.0/cv2/act/Sigmoid/model.8/m.0/cv2/act/Mul,Conv2D,static,AI_CORE,1784291623125241.614	,11.604,0.542,1,0,YES,"""1,8,20,20,16;8,4,16,16;64""",FLOAT16;FLOAT16;FLOAT16,NC1HWC0;FRACTAL_Z;FORMAT_ND,"""1,4,20,20,16""",FLOAT16,NC1HWC0,N/A,4.16,5092,1.919,0.461,0.888,0.213,0.201,0.048,0.389,0.093,1.215,0.292,0.904,0.217,1.537,0.369,0.633
0,yolo11n_pose_640_aipp_pc_baseline,1,83,2,1,/model.8/m.0/cv3/conv/Conv/model.8/m.0/cv3/act/Sigmoid/model.8/m.0/cv3/act/Mul,Conv2D,static,AI_CORE,1784291623125253.448	,17.709,0.229,1,0,YES,"""1,8,20,20,16;8,8,16,16;128""",FLOAT16;FLOAT16;FLOAT16,NC1HWC0;FRACTAL_Z;FORMAT_ND,"""1,8,20,20,16""",FLOAT16,NC1HWC0,N/A,6.66,8148,4.119,0.618,1.479,0.222,0.408,0.061,0.475,0.071,1.904,0.286,2.147,0.322,0.953,0.143,0.463
0,yolo11n_pose_640_aipp_pc_baseline,1,85,2,1,/model.8/cv2/conv/Conv/model.8/cv2/act/Sigmoid/model.8/cv2/act/Mul,Conv2D,static,AI_CORE,1784291623125271.386	,58.397,0.229,1,0,YES,"""1,24,20,20,16;24,16,16,16;256""",FLOAT16;FLOAT16;FLOAT16,NC1HWC0;FRACTAL_Z;FORMAT_ND,"""1,16,20,20,16""",FLOAT16,NC1HWC0,N/A,23.27,28486,8.3,0.357,16.107,0.692,2.023,0.087,1.046,0.045,12.359,0.531,4.752,0.204,4.453,0.191,0.767
0,yolo11n_pose_640_aipp_pc_baseline,1,86,2,1,/model.9/cv1/conv/Conv/model.9/cv1/act/Sigmoid/model.9/cv1/act/Mul,Conv2D,static,AI_CORE,1784291623125329.845	,21.605,0.063,1,0,YES,"""1,16,20,20,16;16,8,16,16;128""",FLOAT16;FLOAT16;FLOAT16,NC1HWC0;FRACTAL_Z;FORMAT_ND,"""1,8,20,20,16""",FLOAT16,NC1HWC0,N/A,8.24,10086,4.466,0.542,2.891,0.351,0.682,0.083,0.959,0.116,3.509,0.426,2.806,0.341,1.151,0.14,0.786
0,yolo11n_pose_640_aipp_pc_baseline,1,88,2,1,/model.9/m/MaxPool,MaxPoolV3,static,AI_VECTOR_CORE,1784291623125351.658	,30.396,0.208,1,0,NO,"""1,8,20,20,16""",FLOAT16,NC1HWC0,"""1,8,20,20,16""",FLOAT16,NC1HWC0,N/A,11.84,14488,4.254,0.359,0.0,0.0,0.74,0.062,0.0,0.0,9.515,0.804,2.615,0.221,0.0,0.0,2.24
0,yolo11n_pose_640_aipp_pc_baseline,1,90,2,1,/model.9/m_1/MaxPool,MaxPoolV3,static,AI_VECTOR_CORE,1784291623125382.284	,14.396,0.229,1,0,NO,"""1,8,20,20,16""",FLOAT16,NC1HWC0,"""1,8,20,20,16""",FLOAT16,NC1HWC0,N/A,5.31,6496,4.205,0.792,0.0,0.0,0.552,0.104,0.0,0.0,3.494,0.658,3.019,0.569,0.0,0.0,0.831
0,yolo11n_pose_640_aipp_pc_baseline,1,92,2,1,/model.9/m_2/MaxPool,MaxPoolV3,static,AI_VECTOR_CORE,1784291623125396.909	,13.959,0.229,1,0,NO,"""1,8,20,20,16""",FLOAT16,NC1HWC0,"""1,8,20,20,16""",FLOAT16,NC1HWC0,N/A,5.13,6275,4.205,0.82,0.0,0.0,0.546,0.106,0.0,0.0,3.492,0.681,2.595,0.506,0.0,0.0,0.83
0,yolo11n_pose_640_aipp_pc_baseline,1,94,2,1,/model.9/cv2/conv/Conv/model.9/cv2/act/Sigmoid/model.9/cv2/act/Mul,Conv2D,static,AI_CORE,1784291623125411.118	,58.418,0.25,1,0,YES,"""1,32,20,20,16;32,16,16,16;256""",FLOAT16;FLOAT16;FLOAT16,NC1HWC0;FRACTAL_Z;FORMAT_ND,"""1,16,20,20,16""",FLOAT16,NC1HWC0,N/A,23.29,28502,8.096,0.348,10.662,0.458,2.462,0.106,2.98,0.128,6.209,0.267,4.234,0.182,1.698,0.073,0.583
0,yolo11n_pose_640_aipp_pc_baseline,1,96,2,1,/model.10/cv1/conv/Conv/model.10/cv1/act/Sigmoid/model.10/cv1/act/Mul,Conv2D,static,AI_CORE,1784291623125469.765	,54.626,0.229,1,0,YES,"""1,16,20,20,16;16,16,16,16;256""",FLOAT16;FLOAT16;FLOAT16,NC1HWC0;FRACTAL_Z;FORMAT_ND,"""1,16,20,20,16""",FLOAT16,NC1HWC0,N/A,21.75,26617,9.414,0.433,14.422,0.663,1.896,0.087,0.72,0.033,7.622,0.35,5.159,0.237,5.319,0.245,0.528
0,yolo11n_pose_640_aipp_pc_baseline,1,98,2,1,PartitionedCall_/model.10/Split_SplitV_57,SplitVD,static,AI_VECTOR_CORE,1784291623125524.620	,20.042,0.229,1,0,NO,"""1,16,20,20,16""",FLOAT16,NC1HWC0,"""1,8,20,20,16;1,8,20,20,16""",FLOAT16;FLOAT16,NC1HWC0;NC1HWC0,N/A,7.61,9310,0.0,0.0,0.0,0.0,0.111,0.015,0.0,0.0,1.82,0.239,5.543,0.728,0.0,0.0,0
0,yolo11n_pose_640_aipp_pc_baseline,1,102,2,1,/model.10/m/m.0/attn/qkv/conv/Conv,Conv2D,static,AI_CORE,1784291623125545.204	,25.126,0.542,1,0,YES,"""1,8,20,20,16;8,16,16,16;256""",FLOAT16;FLOAT16;FLOAT16,NC1HWC0;FRACTAL_Z;FORMAT_ND,"""1,16,20,20,16""",FLOAT16,NC1HWC0,N/A,9.68,11854,0.0,0.0,4.21,0.435,0.385,0.04,0.394,0.041,6.509,0.672,0.002,0.0,4.992,0.516,1.545
0,yolo11n_pose_640_aipp_pc_baseline,1,104,2,1,trans_TransData_105,TransData,static,AI_VECTOR_CORE,1784291623125570.579	,24.126,0.25,1,0,NO,"""1,16,20,20,16""",FLOAT16,NC1HWC0,"""1,256,20,20""",FLOAT16,NCHW,N/A,9.28,11356,3.9,0.42,0.0,0.0,1.181,0.127,0.0,0.0,1.947,0.21,3.03,0.327,0.0,0.0,0.5
0,yolo11n_pose_640_aipp_pc_baseline,1,105,2,1,PartitionedCall_/model.10/m/m.0/attn/Split_SplitV_69,SplitVD,static,AI_VECTOR_CORE,1784291623125594.767	,13.854,0.063,1,0,NO,"""1,2,128,400""",FLOAT16,NCHW,"""1,2,32,400;1,2,32,400;1,2,64,400""",FLOAT16;FLOAT16;FLOAT16,NCHW;NCHW;NCHW,N/A,5.08,6219,0.0,0.0,0.0,0.0,0.112,0.022,0.0,0.0,1.823,0.359,2.864,0.564,0.0,0.0,0
0,yolo11n_pose_640_aipp_pc_baseline,1,107,2,1,trans_TransData_106,TransData,static,AI_VECTOR_CORE,1784291623125608.851	,12.375,0.229,1,0,NO,"""1,128,20,20""",FLOAT16,NCHW,"""1,8,20,20,16""",FLOAT16,NC1HWC0,N/A,4.48,5479,1.596,0.356,0.0,0.0,0.621,0.139,0.0,0.0,0.965,0.215,1.506,0.336,0.0,0.0,0.604
0,yolo11n_pose_640_aipp_pc_baseline,1,109,2,1,trans_TransData_112,TransData,static,AI_VECTOR_CORE,1784291623125621.455	,8.792,0.229,1,0,NO,"""1,2,32,400""",FLOAT16,FORMAT_ND,"""1,2,25,2,16,16""",FLOAT16,FRACTAL_NZ,N/A,3.02,3695,0.437,0.145,0.0,0.0,0.122,0.04,0.0,0.0,0.537,0.178,1.735,0.575,0.0,0.0,1.228
0,yolo11n_pose_640_aipp_pc_baseline,1,111,2,1,trans_TransData_111,TransData,static,AI_VECTOR_CORE,1784291623125630.476	,7.875,0.229,1,0,NO,"""1,2,32,400""",FLOAT16,FORMAT_ND,"""1,2,25,2,16,16""",FLOAT16,FRACTAL_NZ,N/A,2.64,3232,0.437,0.166,0.0,0.0,0.122,0.046,0.0,0.0,0.521,0.197,1.461,0.554,0.0,0.0,1.187
0,yolo11n_pose_640_aipp_pc_baseline,1,113,2,1,/model.10/m/m.0/attn/MatMul/model.10/m/m.0/attn/Mul,BatchMatMulV2,static,AI_CORE,1784291623125638.602	,40.022,0.25,1,0,NO,"""1,2,25,2,16,16;1,2,25,2,16,16;""",FLOAT16;FLOAT16;FLOAT16,FRACTAL_NZ;FRACTAL_NZ;NCHW,"""1,2,25,25,16,16""",FLOAT16,FRACTAL_NZ,N/A,15.77,19302,3.505,0.222,3.903,0.247,2.712,0.172,1.171,0.074,8.75,0.555,13.274,0.842,9.751,0.618,2.247
0,yolo11n_pose_640_aipp_pc_baseline,1,115,2,1,/model.10/m/m.0/attn/Softmax,SoftmaxV2,static,AI_VECTOR_CORE,1784291623125678.852	,269.651,0.229,1,0,NO,"""1,2,25,25,16,16""",FLOAT16,FRACTAL_NZ,"""1,2,25,25,16,16""",FLOAT16,FRACTAL_NZ,N/A,109.56,134107,106.879,0.976,0.0,0.0,2.952,0.027,0.0,0.0,13.296,0.121,29.023,0.265,0.0,0.0,0.124
0,yolo11n_pose_640_aipp_pc_baseline,1,117,2,1,trans_TransData_114/model.10/m/m.0/attn/MatMul_1function_graph_0//model.10/m/m.0/attn/MatMul_1/model.10/m/m.0/attn/MatMul_1function_graph_0//model.10/m/m.0/attn/MatMul_1_pass.1,BatchMatMulV2,static,AI_CORE,1784291623125948.733	,74.335,0.229,1,0,NO,"""1,2,64,400;1,2,25,25,16,16""",FLOAT16;FLOAT16,FORMAT_ND;FRACTAL_NZ,"""1,2,64,400""",FLOAT16,FORMAT_ND,N/A,29.79,36463,0.0,0.0,5.031,0.169,2.589,0.087,3.141,0.105,25.991,0.872,0.002,0.0,18.975,0.637,5.16
0,yolo11n_pose_640_aipp_pc_baseline,1,119,2,1,trans_TransData_117,TransData,static,AI_VECTOR_CORE,1784291623126023.276	,11.979,0.208,1,0,NO,"""1,128,20,20""",FLOAT16,NCHW,"""1,8,20,20,16""",FLOAT16,NC1HWC0,N/A,4.31,5275,1.595,0.37,0.0,0.0,0.614,0.143,0.0,0.0,1.003,0.233,1.485,0.344,0.0,0.0,0.63
0,yolo11n_pose_640_aipp_pc_baseline,1,121,2,1,/model.10/m/m.0/attn/pe/conv/Convfunction_graph_1//model.10/m/m.0/attn/pe/conv/Conv/model.10/m/m.0/attn/pe/conv/Convfunction_graph_1//model.10/m/m.0/attn/pe/conv/Conv_pass.1,Conv2D,static,AI_CORE,1784291623126035.485	,22.875,0.229,1,0,YES,"""1,8,20,20,16;72,1,16,16;128;1,8,20,20,16""",FLOAT16;FLOAT16;FLOAT16;FLOAT16,NC1HWC0;FRACTAL_Z:128;FORMAT_ND;NC1HWC0,"""1,8,20,20,16""",FLOAT16,NC1HWC0,N/A,8.77,10738,0.0,0.0,4.07,0.464,0.809,0.092,4.147,0.473,6.524,0.744,0.002,0.0,4.473,0.51,1.603
0,yolo11n_pose_640_aipp_pc_baseline,1,124,2,1,/model.10/m/m.0/attn/proj/conv/Convfunction_graph_2//model.10/m/m.0/attn/proj/conv/Conv/model.10/m/m.0/attn/proj/conv/Convfunction_graph_2//model.10/m/m.0/attn/proj/conv/Conv_pass.1,Conv2D,static,AI_CORE,1784291623126058.735	,16.188,0.375,1,0,YES,"""1,8,20,20,16;8,8,16,16;128;1,8,20,20,16""",FLOAT16;FLOAT16;FLOAT16;FLOAT16,NC1HWC0;FRACTAL_Z;FORMAT_ND;NC1HWC0,"""1,8,20,20,16""",FLOAT16,NC1HWC0,N/A,6.03,7386,0.0,0.0,3.333,0.553,0.284,0.047,0.229,0.038,4.438,0.736,0.002,0.0,2.225,0.369,1.331
0,yolo11n_pose_640_aipp_pc_baseline,1,127,2,1,/model.10/m/m.0/ffn/ffn.0/conv/Conv/model.10/m/m.0/ffn/ffn.0/act/Sigmoid/model.10/m/m.0/ffn/ffn.0/act/Mul,Conv2D,static,AI_CORE,1784291623126075.319	,41.209,0.396,1,0,YES,"""1,8,20,20,16;8,16,16,16;256""",FLOAT16;FLOAT16;FLOAT16,NC1HWC0;FRACTAL_Z;FORMAT_ND,"""1,16,20,20,16""",FLOAT16,NC1HWC0,N/A,16.26,19899,8.592,0.528,9.738,0.599,1.566,0.096,0.413,0.025,3.863,0.238,4.384,0.27,2.875,0.177,0.397
0,yolo11n_pose_640_aipp_pc_baseline,1,128,2,1,/model.10/m/m.0/ffn/ffn.1/conv/Convfunction_graph_3//model.10/m/m.0/ffn/ffn.1/conv/Conv/model.10/m/m.0/ffn/ffn.1/conv/Convfunction_graph_3//model.10/m/m.0/ffn/ffn.1/conv/Conv_pass.1,Conv2D,static,AI_CORE,1784291623126116.612	,19.917,0.083,1,0,YES,"""1,16,20,20,16;16,8,16,16;128;1,8,20,20,16""",FLOAT16;FLOAT16;FLOAT16;FLOAT16,NC1HWC0;FRACTAL_Z;FORMAT_ND;NC1HWC0,"""1,8,20,20,16""",FLOAT16,NC1HWC0,N/A,7.57,9260,0.0,0.0,3.562,0.471,0.356,0.047,0.432,0.057,3.437,0.454,0.002,0.0,3.456,0.456,0.964
0,yolo11n_pose_640_aipp_pc_baseline,1,132,2,1,/model.10/cv2/conv/Conv/model.10/cv2/act/Sigmoid/model.10/cv2/act/Mul,Conv2D,static,AI_CORE,1784291623126137.070	,61.835,0.542,1,0,YES,"""1,16,20,20,16;16,16,16,16;256""",FLOAT16;FLOAT16;FLOAT16,NC1HWC0;FRACTAL_Z;FORMAT_ND,"""1,16,20,20,16""",FLOAT16,NC1HWC0,N/A,24.68,30210,9.411,0.381,14.819,0.6,1.873,0.076,0.72,0.029,10.338,0.419,6.434,0.261,5.093,0.206,0.698
0,yolo11n_pose_640_aipp_pc_baseline,1,133,2,1,PartitionedCall_/model.11/Resize_ResizeNearestNeighborV2_39,ResizeNearestNeighborV2,static,AI_CORE,1784291623126198.967	,60.46,0.063,1,0,NO,"""1,16,20,20,16;2""",FLOAT16;INT32,NC1HWC0;FORMAT_ND,"""1,16,40,40,16""",FLOAT16,NC1HWC0,N/A,24.12,29517,5.669,0.235,0.0,0.0,0.403,0.017,5.593,0.232,7.887,0.327,22.75,0.943,0.001,0.0,1.391
0,yolo11n_pose_640_aipp_pc_baseline,1,136,2,1,/model.13/cv1/conv/Conv/model.13/cv1/act/Sigmoid/model.13/cv1/act/Mul,Conv2D,static,AI_CORE,1784291623126259.823	,135.774,0.396,1,0,YES,"""1,24,40,40,16;24,8,16,16;128""",FLOAT16;FLOAT16;FLOAT16,NC1HWC0;FRACTAL_Z;FORMAT_ND,"""1,8,40,40,16""",FLOAT16,NC1HWC0,N/A,54.89,67182,18.171,0.331,37.933,0.691,3.708,0.068,7.214,0.131,32.382,0.59,11.959,0.218,16.676,0.304,0.854
0,yolo11n_pose_640_aipp_pc_baseline,1,138,2,1,PartitionedCall_/model.13/Split_SplitV_30,SplitVD,static,AI_VECTOR_CORE,1784291623126395.826	,30.188,0.229,1,0,NO,"""1,8,40,40,16""",FLOAT16,NC1HWC0,"""1,4,40,40,16;1,4,40,40,16""",FLOAT16;FLOAT16,NC1HWC0;NC1HWC0,N/A,11.76,14389,0.0,0.0,0.0,0.0,0.122,0.01,0.0,0.0,4.794,0.408,7.281,0.619,0.0,0.0,0
0,yolo11n_pose_640_aipp_pc_baseline,1,140,2,1,/model.13/m.0/cv1/conv/Conv/model.13/m.0/cv1/act/Sigmoid/model.13/m.0/cv1/act/Mul,Conv2D,static,AI_CORE,1784291623126426.243	,43.813,0.229,1,0,YES,"""1,4,40,40,16;36,2,16,16;32""",FLOAT16;FLOAT16;FLOAT16,NC1HWC0;FRACTAL_Z;FORMAT_ND,"""1,2,40,40,16""",FLOAT16,NC1HWC0,N/A,17.32,21199,3.865,0.223,10.758,0.621,3.358,0.194,9.685,0.559,12.2,0.704,1.849,0.107,2.658,0.153,1.134
0,yolo11n_pose_640_aipp_pc_baseline,1,142,2,1,/model.13/m.0/cv2/conv/Conv/model.13/m.0/cv2/act/Sigmoid/model.13/m.0/cv2/act/Mul,Conv2D,static,AI_CORE,1784291623126470.286	,36.292,0.229,1,0,YES,"""1,2,40,40,16;18,4,16,16;64""",FLOAT16;FLOAT16;FLOAT16,NC1HWC0;FRACTAL_Z;FORMAT_ND,"""1,4,40,40,16""",FLOAT16,NC1HWC0,N/A,14.25,17442,7.682,0.539,8.878,0.623,1.132,0.079,2.894,0.203,1.337,0.094,3.341,0.234,2.498,0.175,0.151
0,yolo11n_pose_640_aipp_pc_baseline,1,143,2,1,/model.13/m.0/Add,Add,static,AI_VECTOR_CORE,1784291623126506.641	,18.73,0.063,1,0,NO,"""1,4,40,40,16;1,4,40,40,16""",FLOAT16;FLOAT16,NC1HWC0;NC1HWC0,"""1,4,40,40,16""",FLOAT16,NC1HWC0,N/A,7.07,8658,1.078,0.152,0.0,0.0,0.233,0.033,0.0,0.0,6.026,0.852,5.073,0.718,0.0,0.0,5.605
0,yolo11n_pose_640_aipp_pc_baseline,1,146,2,1,/model.13/cv2/conv/Conv/model.13/cv2/act/Sigmoid/model.13/cv2/act/Mul,Conv2D,static,AI_CORE,1784291623126525.745	,56.668,0.375,1,0,YES,"""1,12,40,40,16;12,8,16,16;128""",FLOAT16;FLOAT16;FLOAT16,NC1HWC0;FRACTAL_Z;FORMAT_ND,"""1,8,40,40,16""",FLOAT16,NC1HWC0,N/A,22.57,27627,16.195,0.718,9.127,0.404,2.087,0.092,2.771,0.123,11.253,0.499,11.859,0.525,3.491,0.155,0.695
0,yolo11n_pose_640_aipp_pc_baseline,1,147,2,1,PartitionedCall_/model.14/Resize_ResizeNearestNeighborV2_15,ResizeNearestNeighborV2,static,AI_CORE,1784291623126582.496	,120.127,0.083,1,0,NO,"""1,8,40,40,16;2""",FLOAT16;INT32,NC1HWC0;FORMAT_ND,"""1,8,80,80,16""",FLOAT16,NC1HWC0,N/A,48.5,59363,10.68,0.22,0.0,0.0,0.29,0.006,10.762,0.222,13.439,0.277,44.73,0.922,0.001,0.0,1.259
0,yolo11n_pose_640_aipp_pc_baseline,1,150,2,1,/model.16/cv1/conv/Conv/model.16/cv1/act/Sigmoid/model.16/cv1/act/Mul,Conv2D,static,AI_CORE,1784291623126703.040	,319.715,0.417,1,0,YES,"""1,16,80,80,16;16,4,16,16;64""",FLOAT16;FLOAT16;FLOAT16,NC1HWC0;FRACTAL_Z;FORMAT_ND,"""1,4,80,80,16""",FLOAT16,NC1HWC0,N/A,130.02,159150,32.205,0.248,59.629,0.459,4.056,0.031,9.706,0.075,102.108,0.785,28.724,0.221,69.621,0.535,1.71
0,yolo11n_pose_640_aipp_pc_baseline,1,152,2,1,PartitionedCall_/model.16/Split_SplitV_10,SplitVD,static,AI_VECTOR_CORE,1784291623127022.985	,74.272,0.229,1,0,NO,"""1,4,80,80,16""",FLOAT16,NC1HWC0,"""1,2,80,80,16;1,2,80,80,16""",FLOAT16;FLOAT16,NC1HWC0;NC1HWC0,N/A,29.77,36435,0.0,0.0,0.0,0.0,0.14,0.005,0.0,0.0,12.196,0.41,17.087,0.574,0.0,0.0,0
0,yolo11n_pose_640_aipp_pc_baseline,1,154,2,1,/model.16/m.0/cv1/conv/Conv/model.16/m.0/cv1/act/Sigmoid/model.16/m.0/cv1/act/Mul,Conv2D,static,AI_CORE,1784291623127097.486	,59.251,0.229,1,0,YES,"""1,2,80,80,16;18,1,16,16;16""",FLOAT16;FLOAT16;FLOAT16,NC1HWC0;FRACTAL_Z;FORMAT_ND,"""1,1,80,80,16""",FLOAT16,NC1HWC0,N/A,23.63,28918,7.661,0.324,12.543,0.531,1.715,0.073,8.186,0.346,4.41,0.187,4.928,0.209,8.148,0.345,0.352
0,yolo11n_pose_640_aipp_pc_baseline,1,156,2,1,/model.16/m.0/cv2/conv/Conv/model.16/m.0/cv2/act/Sigmoid/model.16/m.0/cv2/act/Mul,Conv2D,static,AI_CORE,1784291623127156.967	,69.543,0.229,1,0,YES,"""1,1,80,80,16;9,2,16,16;32""",FLOAT16;FLOAT16;FLOAT16,NC1HWC0;FRACTAL_Z;FORMAT_ND,"""1,2,80,80,16""",FLOAT16,NC1HWC0,N/A,27.83,34068,15.317,0.55,17.836,0.641,2.109,0.076,8.184,0.294,10.674,0.384,9.603,0.345,3.5,0.126,0.599
0,yolo11n_pose_640_aipp_pc_baseline,1,159,2,1,/model.16/m.0/Add,Add,static,AI_VECTOR_CORE,1784291623127226.885	,40.605,0.375,1,0,NO,"""1,2,80,80,16;1,2,80,80,16""",FLOAT16;FLOAT16,NC1HWC0;NC1HWC0,"""1,2,80,80,16""",FLOAT16,NC1HWC0,N/A,16.01,19596,2.087,0.13,0.0,0.0,0.322,0.02,0.0,0.0,14.684,0.917,11.935,0.745,0.0,0.0,7.054
0,yolo11n_pose_640_aipp_pc_baseline,1,163,2,1,/model.16/cv2/conv/Conv/model.16/cv2/act/Sigmoid/model.16/cv2/act/Mul,Conv2D,static,AI_CORE,1784291623127268.052	,138.545,0.563,1,0,YES,"""1,6,80,80,16;6,4,16,16;64""",FLOAT16;FLOAT16;FLOAT16,NC1HWC0;FRACTAL_Z;FORMAT_ND,"""1,4,80,80,16""",FLOAT16,NC1HWC0,N/A,56.02,68568,30.489,0.544,41.462,0.74,1.681,0.03,3.543,0.063,21.409,0.382,22.967,0.41,7.217,0.129,0.516
0,yolo11n_pose_640_aipp_pc_baseline,1,165,2,1,/model.17/conv/Conv/model.17/act/Sigmoid/model.17/act/Mul,Conv2D,static,AI_CORE,1784291623127406.826	,137.982,0.229,1,0,YES,"""1,4,80,80,16;36,4,16,16;64""",FLOAT16;FLOAT16;FLOAT16,NC1HWC0;FRACTAL_Z;FORMAT_ND,"""1,4,40,40,16""",FLOAT16,NC1HWC0,N/A,55.79,68284,8.412,0.151,17.107,0.307,3.537,0.063,8.65,0.155,46.24,0.829,7.359,0.132,1.961,0.035,2.7
0,yolo11n_pose_640_aipp_pc_baseline,1,168,2,1,/model.19/cv1/conv/Conv/model.19/cv1/act/Sigmoid/model.19/cv1/act/Mul,Conv2D,static,AI_CORE,1784291623127545.204	,79.835,0.396,1,0,YES,"""1,12,40,40,16;12,8,16,16;128""",FLOAT16;FLOAT16;FLOAT16,NC1HWC0;FRACTAL_Z;FORMAT_ND,"""1,8,40,40,16""",FLOAT16,NC1HWC0,N/A,32.04,39212,16.198,0.506,11.397,0.356,2.037,0.064,2.563,0.08,20.546,0.641,14.839,0.463,3.49,0.109,1.267
0,yolo11n_pose_640_aipp_pc_baseline,1,170,2,1,PartitionedCall_/model.19/Split_SplitV_34,SplitVD,static,AI_VECTOR_CORE,1784291623127625.268	,33.917,0.229,1,0,NO,"""1,8,40,40,16""",FLOAT16,NC1HWC0,"""1,4,40,40,16;1,4,40,40,16""",FLOAT16;FLOAT16,NC1HWC0;NC1HWC0,N/A,13.28,16249,0.0,0.0,0.0,0.0,0.123,0.009,0.0,0.0,4.632,0.349,9.342,0.703,0.0,0.0,0
0,yolo11n_pose_640_aipp_pc_baseline,1,172,2,1,/model.19/m.0/cv1/conv/Conv/model.19/m.0/cv1/act/Sigmoid/model.19/m.0/cv1/act/Mul,Conv2D,static,AI_CORE,1784291623127659.415	,44.084,0.229,1,0,YES,"""1,4,40,40,16;36,2,16,16;32""",FLOAT16;FLOAT16;FLOAT16,NC1HWC0;FRACTAL_Z;FORMAT_ND,"""1,2,40,40,16""",FLOAT16,NC1HWC0,N/A,17.43,21337,3.864,0.222,10.843,0.622,3.341,0.192,9.684,0.556,12.46,0.715,2.019,0.116,2.67,0.153,1.15
0,yolo11n_pose_640_aipp_pc_baseline,1,174,2,1,/model.19/m.0/cv2/conv/Conv/model.19/m.0/cv2/act/Sigmoid/model.19/m.0/cv2/act/Mul,Conv2D,static,AI_CORE,1784291623127703.728	,36.876,0.229,1,0,YES,"""1,2,40,40,16;18,4,16,16;64""",FLOAT16;FLOAT16;FLOAT16,NC1HWC0;FRACTAL_Z;FORMAT_ND,"""1,4,40,40,16""",FLOAT16,NC1HWC0,N/A,14.49,17733,7.683,0.53,8.882,0.613,1.294,0.089,2.894,0.2,1.641,0.113,4.101,0.283,2.499,0.172,0.184
0,yolo11n_pose_640_aipp_pc_baseline,1,177,2,1,/model.19/m.0/Add,Add,static,AI_VECTOR_CORE,1784291623127740.979	,24.855,0.375,1,0,NO,"""1,4,40,40,16;1,4,40,40,16""",FLOAT16;FLOAT16,NC1HWC0;NC1HWC0,"""1,4,40,40,16""",FLOAT16,NC1HWC0,N/A,9.57,11719,1.167,0.122,0.0,0.0,0.226,0.024,0.0,0.0,8.592,0.898,7.506,0.784,0.0,0.0,7.361
0,yolo11n_pose_640_aipp_pc_baseline,1,181,2,1,/model.19/cv2/conv/Conv/model.19/cv2/act/Sigmoid/model.19/cv2/act/Mul,Conv2D,static,AI_CORE,1784291623127766.375	,53.584,0.542,1,0,YES,"""1,12,40,40,16;12,8,16,16;128""",FLOAT16;FLOAT16;FLOAT16,NC1HWC0;FRACTAL_Z;FORMAT_ND,"""1,8,40,40,16""",FLOAT16,NC1HWC0,N/A,21.31,26083,16.196,0.76,8.973,0.421,1.942,0.091,2.755,0.129,10.578,0.496,11.023,0.517,3.497,0.164,0.653
0,yolo11n_pose_640_aipp_pc_baseline,1,183,2,1,/model.20/conv/Conv/model.20/act/Sigmoid/model.20/act/Mul,Conv2D,static,AI_CORE,1784291623127820.189	,93.773,0.229,1,0,YES,"""1,8,40,40,16;72,8,16,16;128""",FLOAT16;FLOAT16;FLOAT16,NC1HWC0;FRACTAL_Z;FORMAT_ND,"""1,8,20,20,16""",FLOAT16,NC1HWC0,N/A,37.73,46177,4.151,0.11,17.45,0.463,1.137,0.03,6.131,0.163,28.277,0.749,3.413,0.09,2.187,0.058,1.618
0,yolo11n_pose_640_aipp_pc_baseline,1,185,2,1,/model.22/cv1/conv/Conv/model.22/cv1/act/Sigmoid/model.22/cv1/act/Mul,Conv2D,static,AI_CORE,1784291623127914.191	,72.147,0.229,1,0,YES,"""1,24,20,20,16;24,16,16,16;256""",FLOAT16;FLOAT16;FLOAT16,NC1HWC0;FRACTAL_Z;FORMAT_ND,"""1,16,20,20,16""",FLOAT16,NC1HWC0,N/A,28.9,35374,8.301,0.287,15.904,0.55,2.071,0.072,1.049,0.036,17.37,0.601,4.975,0.172,4.439,0.154,1.093
0,yolo11n_pose_640_aipp_pc_baseline,1,187,2,1,PartitionedCall_/model.22/Split_SplitV_61,SplitVD,static,AI_VECTOR_CORE,1784291623127986.567	,14.896,0.229,1,0,NO,"""1,16,20,20,16""",FLOAT16,NC1HWC0,"""1,8,20,20,16;1,8,20,20,16""",FLOAT16;FLOAT16,NC1HWC0;NC1HWC0,N/A,5.5,6737,0.0,0.0,0.0,0.0,0.113,0.021,0.0,0.0,1.791,0.326,3.113,0.566,0.0,0.0,0
0,yolo11n_pose_640_aipp_pc_baseline,1,190,2,1,/model.22/m.0/cv1/conv/Conv/model.22/m.0/cv1/act/Sigmoid/model.22/m.0/cv1/act/Mul,Conv2D,static,AI_CORE,1784291623128001.838	,13.459,0.375,1,0,YES,"""1,8,20,20,16;8,4,16,16;64""",FLOAT16;FLOAT16;FLOAT16,NC1HWC0;FRACTAL_Z;FORMAT_ND,"""1,4,20,20,16""",FLOAT16,NC1HWC0,N/A,4.92,6024,1.919,0.39,0.937,0.19,0.207,0.042,0.375,0.076,1.685,0.342,1.138,0.231,1.282,0.261,0.877
0,yolo11n_pose_640_aipp_pc_baseline,1,192,2,1,/model.22/m.0/m/m.0/cv1/conv/Conv/model.22/m.0/m/m.0/cv1/act/Sigmoid/model.22/m.0/m/m.0/cv1/act/Mul,Conv2D,static,AI_CORE,1784291623128015.547	,22.438,0.25,1,0,YES,"""1,4,20,20,16;36,4,16,16;64""",FLOAT16;FLOAT16;FLOAT16,NC1HWC0;FRACTAL_Z;FORMAT_ND,"""1,4,20,20,16""",FLOAT16,NC1HWC0,N/A,8.6,10521,2.041,0.237,5.652,0.657,0.665,0.077,1.919,0.223,6.213,0.722,1.201,0.14,1.309,0.152,1.099
0,yolo11n_pose_640_aipp_pc_baseline,1,194,2,1,/model.22/m.0/m/m.0/cv2/conv/Conv/model.22/m.0/m/m.0/cv2/act/Sigmoid/model.22/m.0/m/m.0/cv2/act/Mul,Conv2D,static,AI_CORE,1784291623128038.214	,21.98,0.229,1,0,YES,"""1,4,20,20,16;36,4,16,16;64""",FLOAT16;FLOAT16;FLOAT16,NC1HWC0;FRACTAL_Z;FORMAT_ND,"""1,4,20,20,16""",FLOAT16,NC1HWC0,N/A,8.4,10286,2.039,0.243,5.659,0.674,0.623,0.074,1.917,0.228,6.276,0.747,1.227,0.146,1.307,0.156,1.108
0,yolo11n_pose_640_aipp_pc_baseline,1,197,2,1,/model.22/m.0/m/m.0/Add,Add,static,AI_VECTOR_CORE,1784291623128060.569	,7.188,0.375,1,0,NO,"""1,4,20,20,16;1,4,20,20,16""",FLOAT16;FLOAT16,NC1HWC0;NC1HWC0,"""1,4,20,20,16""",FLOAT16,NC1HWC0,N/A,2.36,2886,0.195,0.083,0.0,0.0,0.118,0.05,0.0,0.0,0.957,0.405,0.786,0.333,0.0,0.0,4.88
0,yolo11n_pose_640_aipp_pc_baseline,1,198,2,1,/model.22/m.0/m/m.1/cv1/conv/Conv/model.22/m.0/m/m.1/cv1/act/Sigmoid/model.22/m.0/m/m.1/cv1/act/Mul,Conv2D,static,AI_CORE,1784291623128067.840	,21.98,0.083,1,0,YES,"""1,4,20,20,16;36,4,16,16;64""",FLOAT16;FLOAT16;FLOAT16,NC1HWC0;FRACTAL_Z;FORMAT_ND,"""1,4,20,20,16""",FLOAT16,NC1HWC0,N/A,8.41,10290,2.041,0.243,5.65,0.672,0.612,0.073,1.92,0.228,6.201,0.737,1.182,0.141,1.312,0.156,1.097
0,yolo11n_pose_640_aipp_pc_baseline,1,201,2,1,/model.22/m.0/m/m.1/cv2/conv/Conv/model.22/m.0/m/m.1/cv2/act/Sigmoid/model.22/m.0/m/m.1/cv2/act/Mul,Conv2D,static,AI_CORE,1784291623128090.215	,21.959,0.396,1,0,YES,"""1,4,20,20,16;36,4,16,16;64""",FLOAT16;FLOAT16;FLOAT16,NC1HWC0;FRACTAL_Z;FORMAT_ND,"""1,4,20,20,16""",FLOAT16,NC1HWC0,N/A,8.39,10268,2.04,0.243,5.649,0.673,0.612,0.073,1.919,0.229,6.159,0.734,1.208,0.144,1.308,0.156,1.091
0,yolo11n_pose_640_aipp_pc_baseline,1,203,2,1,/model.22/m.0/m/m.1/Add,Add,static,AI_VECTOR_CORE,1784291623128112.403	,7.083,0.229,1,0,NO,"""1,4,20,20,16;1,4,20,20,16""",FLOAT16;FLOAT16,NC1HWC0;NC1HWC0,"""1,4,20,20,16""",FLOAT16,NC1HWC0,N/A,2.31,2833,0.195,0.084,0.0,0.0,0.121,0.053,0.0,0.0,0.951,0.412,0.784,0.339,0.0,0.0,4.905
0,yolo11n_pose_640_aipp_pc_baseline,1,207,2,1,/model.22/m.0/cv2/conv/Conv/model.22/m.0/cv2/act/Sigmoid/model.22/m.0/cv2/act/Mul,Conv2D,static,AI_CORE,1784291623128120.007	,11.5,0.521,1,0,YES,"""1,8,20,20,16;8,4,16,16;64""",FLOAT16;FLOAT16;FLOAT16,NC1HWC0;FRACTAL_Z;FORMAT_ND,"""1,4,20,20,16""",FLOAT16,NC1HWC0,N/A,4.12,5038,1.921,0.466,0.895,0.217,0.204,0.049,0.389,0.094,1.194,0.29,0.918,0.223,1.467,0.356,0.622
0,yolo11n_pose_640_aipp_pc_baseline,1,209,2,1,/model.22/m.0/cv3/conv/Conv/model.22/m.0/cv3/act/Sigmoid/model.22/m.0/cv3/act/Mul,Conv2D,static,AI_CORE,1784291623128131.737	,17.125,0.229,1,0,YES,"""1,8,20,20,16;8,8,16,16;128""",FLOAT16;FLOAT16;FLOAT16,NC1HWC0;FRACTAL_Z;FORMAT_ND,"""1,8,20,20,16""",FLOAT16,NC1HWC0,N/A,6.42,7863,4.041,0.629,1.534,0.239,0.416,0.065,0.527,0.082,1.829,0.285,2.133,0.332,0.962,0.15,0.453
0,yolo11n_pose_640_aipp_pc_baseline,1,212,2,1,/model.22/cv2/conv/Conv/model.22/cv2/act/Sigmoid/model.22/cv2/act/Mul,Conv2D,static,AI_CORE,1784291623128149.279	,58.585,0.417,1,0,YES,"""1,24,20,20,16;24,16,16,16;256""",FLOAT16;FLOAT16;FLOAT16,NC1HWC0;FRACTAL_Z;FORMAT_ND,"""1,16,20,20,16""",FLOAT16,NC1HWC0,N/A,23.36,28593,8.301,0.355,15.892,0.68,1.917,0.082,1.047,0.045,12.154,0.52,4.676,0.2,4.435,0.19,0.765
0,yolo11n_pose_640_aipp_pc_baseline,1,214,2,1,/model.23/cv2.2/cv2.2.0/conv/Conv/model.23/cv2.2/cv2.2.0/act/Sigmoid/model.23/cv2.2/cv2.2.0/act/Mul,Conv2D,static,AI_CORE,1784291623128208.093	,77.356,0.229,1,0,YES,"""1,16,20,20,16;144,4,16,16;64""",FLOAT16;FLOAT16;FLOAT16,NC1HWC0;FRACTAL_Z;FORMAT_ND,"""1,4,20,20,16""",FLOAT16,NC1HWC0,N/A,31.03,37975,2.04,0.066,22.64,0.73,1.733,0.056,7.36,0.237,24.949,0.804,1.189,0.038,1.309,0.042,1.101
0,yolo11n_pose_640_aipp_pc_baseline,1,215,2,1,/model.23/cv2.2/cv2.2.1/conv/Conv/model.23/cv2.2/cv2.2.1/act/Sigmoid/model.23/cv2.2/cv2.2.1/act/Mul,Conv2D,static,AI_CORE,1784291623128285.532	,21.98,0.083,1,0,YES,"""1,4,20,20,16;36,4,16,16;64""",FLOAT16;FLOAT16;FLOAT16,NC1HWC0;FRACTAL_Z;FORMAT_ND,"""1,4,20,20,16""",FLOAT16,NC1HWC0,N/A,8.4,10280,2.04,0.243,5.651,0.673,0.612,0.073,1.919,0.228,6.182,0.736,1.202,0.143,1.308,0.156,1.094
0,yolo11n_pose_640_aipp_pc_baseline,1,217,2,1,/model.23/cv2.2/cv2.2.2/Conv,Conv2D,static,AI_CORE,1784291623128307.741	,6.229,0.229,1,0,YES,"""1,4,20,20,16;4,4,16,16;64""",FLOAT16;FLOAT16;FLOAT16,NC1HWC0;FRACTAL_Z;FORMAT_ND,"""1,4,20,20,16""",FLOAT16,NC1HWC0,N/A,1.97,2411,0.0,0.0,0.463,0.235,0.19,0.097,0.175,0.089,0.65,0.33,0.002,0.001,1.496,0.759,1.404
0,yolo11n_pose_640_aipp_pc_baseline,1,220,2,1,trans_TransData_315,TransData,static,AI_VECTOR_CORE,1784291623128314.366	,13.875,0.396,1,0,NO,"""1,4,20,20,16""",FLOAT16,NC1HWC0,"""1,64,20,20""",FLOAT16,NCHW,N/A,5.09,6225,0.989,0.194,0.0,0.0,0.3,0.059,0.0,0.0,0.577,0.113,2.788,0.548,0.0,0.0,0.582
0,yolo11n_pose_640_aipp_pc_baseline,1,225,2,1,/model.23/cv4.2/cv4.2.0/conv/Conv/model.23/cv4.2/cv4.2.0/act/Sigmoid/model.23/cv4.2/cv4.2.0/act/Mul,Conv2D,static,AI_CORE,1784291623128328.949	,77.897,0.708,1,0,YES,"""1,16,20,20,16;144,4,16,16;51""",FLOAT16;FLOAT16;FLOAT16,NC1HWC0;FRACTAL_Z;FORMAT_ND,"""1,4,20,20,16""",FLOAT16,NC1HWC0,N/A,31.25,38249,2.04,0.065,22.595,0.723,1.797,0.057,7.396,0.237,24.934,0.798,1.194,0.038,1.31,0.042,1.104
0,yolo11n_pose_640_aipp_pc_baseline,1,227,2,1,/model.23/cv4.2/cv4.2.1/conv/Conv/model.23/cv4.2/cv4.2.1/act/Sigmoid/model.23/cv4.2/cv4.2.1/act/Mul,Conv2D,static,AI_CORE,1784291623128407.097	,22.271,0.25,1,0,YES,"""1,4,20,20,16;36,4,16,16;51""",FLOAT16;FLOAT16;FLOAT16,NC1HWC0;FRACTAL_Z;FORMAT_ND,"""1,4,20,20,16""",FLOAT16,NC1HWC0,N/A,8.52,10429,2.04,0.239,5.649,0.663,0.635,0.075,1.918,0.225,6.224,0.73,1.193,0.14,1.311,0.154,1.101
0,yolo11n_pose_640_aipp_pc_baseline,1,229,2,1,/model.23/cv4.2/cv4.2.2/Conv,Conv2D,static,AI_CORE,1784291623128429.597	,7.771,0.229,1,0,YES,"""1,4,20,20,16;4,4,16,16;51""",FLOAT16;FLOAT16;FLOAT16,NC1HWC0;FRACTAL_Z;FORMAT_ND,"""1,4,20,20,16""",FLOAT16,NC1HWC0,N/A,2.6,3184,0.0,0.0,0.479,0.184,0.199,0.077,0.194,0.075,0.618,0.238,0.002,0.001,1.463,0.563,1.293
0,yolo11n_pose_640_aipp_pc_baseline,1,232,2,1,trans_TransData_302,TransData,static,AI_VECTOR_CORE,1784291623128437.743	,9.063,0.375,1,0,NO,"""1,4,20,20,16""",FLOAT16,NC1HWC0,"""1,51,20,20""",FLOAT16,NCHW,N/A,3.12,3825,0.954,0.306,0.0,0.0,0.33,0.106,0.0,0.0,0.563,0.18,1.156,0.37,0.0,0.0,0.588
0,yolo11n_pose_640_aipp_pc_baseline,1,236,2,1,/model.23/cv3.2/cv3.2.0/cv3.2.0.0/conv/Conv/model.23/cv3.2/cv3.2.0/cv3.2.0.0/act/Sigmoid/model.23/cv3.2/cv3.2.0/cv3.2.0.0/act/Mul,Conv2D,static,AI_CORE,1784291623128447.368	,31.98,0.563,1,0,YES,"""1,16,20,20,16;144,1,16,16;256""",FLOAT16;FLOAT16;FLOAT16,NC1HWC0;FRACTAL_Z:256;FORMAT_ND,"""1,16,20,20,16""",FLOAT16,NC1HWC0,N/A,12.49,15289,8.3,0.665,8.95,0.717,1.99,0.159,7.697,0.616,4.512,0.361,4.414,0.353,2.343,0.188,0.503
0,yolo11n_pose_640_aipp_pc_baseline,1,239,2,1,/model.23/cv3.2/cv3.2.0/cv3.2.0.1/conv/Conv/model.23/cv3.2/cv3.2.0/cv3.2.0.1/act/Sigmoid/model.23/cv3.2/cv3.2.0/cv3.2.0.1/act/Mul,Conv2D,static,AI_CORE,1784291623128479.723	,14.959,0.375,1,0,YES,"""1,16,20,20,16;16,4,16,16;64""",FLOAT16;FLOAT16;FLOAT16,NC1HWC0;FRACTAL_Z;FORMAT_ND,"""1,4,20,20,16""",FLOAT16,NC1HWC0,N/A,5.54,6775,1.921,0.347,1.798,0.325,0.327,0.059,0.76,0.137,2.355,0.425,0.901,0.163,1.402,0.253,1.225
0,yolo11n_pose_640_aipp_pc_baseline,1,240,2,1,/model.23/cv3.2/cv3.2.1/cv3.2.1.0/conv/Conv/model.23/cv3.2/cv3.2.1/cv3.2.1.0/act/Sigmoid/model.23/cv3.2/cv3.2.1/cv3.2.1.0/act/Mul,Conv2D,static,AI_CORE,1784291623128494.765	,11.917,0.083,1,0,YES,"""1,4,20,20,16;36,1,16,16;64""",FLOAT16;FLOAT16;FLOAT16,NC1HWC0;FRACTAL_Z:64;FORMAT_ND,"""1,4,20,20,16""",FLOAT16,NC1HWC0,N/A,4.29,5255,2.08,0.485,1.949,0.454,0.687,0.16,1.925,0.449,1.188,0.277,1.119,0.261,0.958,0.223,0.571
0,yolo11n_pose_640_aipp_pc_baseline,1,242,2,1,/model.23/cv3.2/cv3.2.1/cv3.2.1.1/conv/Conv/model.23/cv3.2/cv3.2.1/cv3.2.1.1/act/Sigmoid/model.23/cv3.2/cv3.2.1/cv3.2.1.1/act/Mul,Conv2D,static,AI_CORE,1784291623128506.911	,12.084,0.229,1,0,YES,"""1,4,20,20,16;4,4,16,16;64""",FLOAT16;FLOAT16;FLOAT16,NC1HWC0;FRACTAL_Z;FORMAT_ND,"""1,4,20,20,16""",FLOAT16,NC1HWC0,N/A,4.36,5334,1.937,0.444,0.479,0.11,0.241,0.055,0.204,0.047,0.662,0.152,0.907,0.208,0.98,0.225,0.342
0,yolo11n_pose_640_aipp_pc_baseline,1,245,2,1,/model.23/cv3.2/cv3.2.2/Conv,Conv2D,static,AI_CORE,1784291623128519.370	,5.958,0.375,1,0,YES,"""1,4,20,20,16;4,1,16,16;1""",FLOAT16;FLOAT16;FLOAT16,NC1HWC0;FRACTAL_Z;FORMAT_ND,"""1,1,20,20,16""",FLOAT16,NC1HWC0,N/A,1.86,2277,0.0,0.0,0.284,0.153,0.148,0.079,0.198,0.106,1.009,0.542,0.002,0.001,1.332,0.716,3.542
0,yolo11n_pose_640_aipp_pc_baseline,1,248,2,1,trans_TransData_292,TransData,static,AI_VECTOR_CORE,1784291623128525.724	,3.854,0.396,1,0,NO,"""1,1,20,20,16""",FLOAT16,NC1HWC0,"""1,1,20,20""",FLOAT16,NCHW,N/A,1.0,1229,0.24,0.24,0.0,0.0,0.151,0.151,0.0,0.0,0.195,0.195,0.257,0.257,0.0,0.0,0.813
0,yolo11n_pose_640_aipp_pc_baseline,1,251,2,1,/model.23/cv2.1/cv2.1.0/conv/Conv/model.23/cv2.1/cv2.1.0/act/Sigmoid/model.23/cv2.1/cv2.1.0/act/Mul,Conv2D,static,AI_CORE,1784291623128532.891	,135.857,3.313,1,0,YES,"""1,8,40,40,16;72,4,16,16;64""",FLOAT16;FLOAT16;FLOAT16,NC1HWC0;FRACTAL_Z;FORMAT_ND,"""1,4,40,40,16""",FLOAT16,NC1HWC0,N/A,54.92,67219,8.53,0.155,40.066,0.73,5.552,0.101,12.412,0.226,37.629,0.685,4.806,0.088,4.427,0.081,0.938
0,yolo11n_pose_640_aipp_pc_baseline,1,253,2,1,/model.23/cv2.1/cv2.1.1/conv/Conv/model.23/cv2.1/cv2.1.1/act/Sigmoid/model.23/cv2.1/cv2.1.1/act/Mul,Conv2D,static,AI_CORE,1784291623128668.977	,66.168,0.229,1,0,YES,"""1,4,40,40,16;36,4,16,16;64""",FLOAT16;FLOAT16;FLOAT16,NC1HWC0;FRACTAL_Z;FORMAT_ND,"""1,4,40,40,16""",FLOAT16,NC1HWC0,N/A,26.44,32364,8.392,0.317,16.807,0.636,3.43,0.13,6.267,0.237,16.823,0.636,4.794,0.181,1.964,0.074,1.0
0,yolo11n_pose_640_aipp_pc_baseline,1,255,2,1,/model.23/cv2.1/cv2.1.2/Conv,Conv2D,static,AI_CORE,1784291623128735.374	,13.917,0.229,1,0,YES,"""1,4,40,40,16;4,4,16,16;64""",FLOAT16;FLOAT16;FLOAT16,NC1HWC0;FRACTAL_Z;FORMAT_ND,"""1,4,40,40,16""",FLOAT16,NC1HWC0,N/A,5.11,6255,0.0,0.0,3.234,0.633,0.23,0.045,0.663,0.13,3.082,0.603,0.002,0.0,4.53,0.886,0.953
0,yolo11n_pose_640_aipp_pc_baseline,1,259,2,1,trans_TransData_244,TransData,static,AI_VECTOR_CORE,1784291623128749.854	,25.376,0.563,1,0,NO,"""1,4,40,40,16""",FLOAT16,NC1HWC0,"""1,64,40,40""",FLOAT16,NCHW,N/A,9.79,11987,3.571,0.365,0.0,0.0,0.373,0.038,0.0,0.0,2.033,0.208,3.678,0.376,0.0,0.0,0.57
0,yolo11n_pose_640_aipp_pc_baseline,1,263,2,1,/model.23/cv3.1/cv3.1.0/cv3.1.0.0/conv/Conv/model.23/cv3.1/cv3.1.0/cv3.1.0.0/act/Sigmoid/model.23/cv3.1/cv3.1.0/cv3.1.0.0/act/Mul,Conv2D,static,AI_CORE,1784291623128775.792	,70.689,0.563,1,0,YES,"""1,8,40,40,16;72,1,16,16;128""",FLOAT16;FLOAT16;FLOAT16,NC1HWC0;FRACTAL_Z:128;FORMAT_ND,"""1,8,40,40,16""",FLOAT16,NC1HWC0,N/A,28.3,34641,15.457,0.546,12.771,0.451,1.869,0.066,9.808,0.347,6.925,0.245,7.817,0.276,10.231,0.362,0.449
0,yolo11n_pose_640_aipp_pc_baseline,1,266,2,1,/model.23/cv3.1/cv3.1.0/cv3.1.0.1/conv/Conv/model.23/cv3.1/cv3.1.0/cv3.1.0.1/act/Sigmoid/model.23/cv3.1/cv3.1.0/cv3.1.0.1/act/Mul,Conv2D,static,AI_CORE,1784291623128846.877	,35.042,0.396,1,0,YES,"""1,8,40,40,16;8,4,16,16;64""",FLOAT16;FLOAT16;FLOAT16,NC1HWC0;FRACTAL_Z;FORMAT_ND,"""1,4,40,40,16""",FLOAT16,NC1HWC0,N/A,13.74,16812,7.714,0.561,7.897,0.575,0.814,0.059,1.472,0.107,4.833,0.352,3.607,0.263,2.754,0.2,0.612
0,yolo11n_pose_640_aipp_pc_baseline,1,267,2,1,/model.23/cv3.1/cv3.1.1/cv3.1.1.0/conv/Conv/model.23/cv3.1/cv3.1.1/cv3.1.1.0/act/Sigmoid/model.23/cv3.1/cv3.1.1/cv3.1.1.0/act/Mul,Conv2D,static,AI_CORE,1784291623128881.982	,36.022,0.063,1,0,YES,"""1,4,40,40,16;36,1,16,16;64""",FLOAT16;FLOAT16;FLOAT16,NC1HWC0;FRACTAL_Z:64;FORMAT_ND,"""1,4,40,40,16""",FLOAT16,NC1HWC0,N/A,14.13,17301,7.726,0.547,6.383,0.452,1.103,0.078,4.912,0.348,2.291,0.162,3.445,0.244,4.493,0.318,0.296
0,yolo11n_pose_640_aipp_pc_baseline,1,268,2,1,/model.23/cv3.1/cv3.1.1/cv3.1.1.1/conv/Conv/model.23/cv3.1/cv3.1.1/cv3.1.1.1/act/Sigmoid/model.23/cv3.1/cv3.1.1/cv3.1.1.1/act/Mul,Conv2D,static,AI_CORE,1784291623128918.066	,29.334,0.063,1,0,YES,"""1,4,40,40,16;4,4,16,16;64""",FLOAT16;FLOAT16;FLOAT16,NC1HWC0;FRACTAL_Z;FORMAT_ND,"""1,4,40,40,16""",FLOAT16,NC1HWC0,N/A,11.4,13950,7.684,0.674,7.102,0.623,0.628,0.055,0.717,0.063,2.243,0.197,3.215,0.282,2.296,0.201,0.292
0,yolo11n_pose_640_aipp_pc_baseline,1,270,2,1,/model.23/cv3.1/cv3.1.2/Conv,Conv2D,static,AI_CORE,1784291623128947.629	,10.938,0.229,1,0,YES,"""1,4,40,40,16;4,1,16,16;1""",FLOAT16;FLOAT16;FLOAT16,NC1HWC0;FRACTAL_Z;FORMAT_ND,"""1,1,40,40,16""",FLOAT16,NC1HWC0,N/A,3.89,4758,0.0,0.0,0.733,0.188,0.226,0.058,0.657,0.169,2.466,0.634,0.002,0.0,2.869,0.737,3.372
0,yolo11n_pose_640_aipp_pc_baseline,1,273,2,1,trans_TransData_234,TransData,static,AI_VECTOR_CORE,1784291623128958.942	,6.458,0.375,1,0,NO,"""1,1,40,40,16""",FLOAT16,NC1HWC0,"""1,1,40,40""",FLOAT16,NCHW,N/A,2.07,2529,0.775,0.374,0.0,0.0,0.177,0.085,0.0,0.0,0.634,0.306,0.138,0.067,0.0,0.0,0.818
0,yolo11n_pose_640_aipp_pc_baseline,1,275,2,1,/model.23/cv4.1/cv4.1.0/conv/Conv/model.23/cv4.1/cv4.1.0/act/Sigmoid/model.23/cv4.1/cv4.1.0/act/Mul,Conv2D,static,AI_CORE,1784291623128965.629	,133.315,0.229,1,0,YES,"""1,8,40,40,16;72,4,16,16;51""",FLOAT16;FLOAT16;FLOAT16,NC1HWC0;FRACTAL_Z;FORMAT_ND,"""1,4,40,40,16""",FLOAT16,NC1HWC0,N/A,53.87,65940,8.529,0.158,40.046,0.743,5.572,0.103,12.41,0.23,36.653,0.68,4.796,0.089,4.431,0.082,0.915
0,yolo11n_pose_640_aipp_pc_baseline,1,277,2,1,/model.23/cv4.1/cv4.1.1/conv/Conv/model.23/cv4.1/cv4.1.1/act/Sigmoid/model.23/cv4.1/cv4.1.1/act/Mul,Conv2D,static,AI_CORE,1784291623129099.195	,66.439,0.25,1,0,YES,"""1,4,40,40,16;36,4,16,16;51""",FLOAT16;FLOAT16;FLOAT16,NC1HWC0;FRACTAL_Z;FORMAT_ND,"""1,4,40,40,16""",FLOAT16,NC1HWC0,N/A,26.56,32515,8.391,0.316,16.675,0.628,3.459,0.13,6.345,0.239,16.778,0.632,4.762,0.179,1.963,0.074,1.006
0,yolo11n_pose_640_aipp_pc_baseline,1,279,2,1,/model.23/cv4.1/cv4.1.2/Conv,Conv2D,static,AI_CORE,1784291623129165.863	,14.417,0.229,1,0,YES,"""1,4,40,40,16;4,4,16,16;51""",FLOAT16;FLOAT16;FLOAT16,NC1HWC0;FRACTAL_Z;FORMAT_ND,"""1,4,40,40,16""",FLOAT16,NC1HWC0,N/A,5.31,6501,0.0,0.0,3.228,0.608,0.361,0.068,0.665,0.125,3.071,0.578,0.002,0.0,4.547,0.856,0.951
0,yolo11n_pose_640_aipp_pc_baseline,1,282,2,1,trans_TransData_216,TransData,static,AI_VECTOR_CORE,1784291623129180.655	,23.688,0.375,1,0,NO,"""1,4,40,40,16""",FLOAT16,NC1HWC0,"""1,51,40,40""",FLOAT16,NCHW,N/A,9.1,11137,3.997,0.439,0.0,0.0,0.942,0.104,0.0,0.0,3.295,0.362,3.247,0.357,0.0,0.0,0.825
0,yolo11n_pose_640_aipp_pc_baseline,1,287,2,1,/model.23/cv2.0/cv2.0.0/conv/Conv/model.23/cv2.0/cv2.0.0/act/Sigmoid/model.23/cv2.0/cv2.0.0/act/Mul,Conv2D,static,AI_CORE,1784291623129205.051	,237.088,0.708,1,0,YES,"""1,4,80,80,16;36,4,16,16;64""",FLOAT16;FLOAT16;FLOAT16,NC1HWC0;FRACTAL_Z;FORMAT_ND,"""1,4,80,80,16""",FLOAT16,NC1HWC0,N/A,96.27,117837,32.823,0.341,47.919,0.498,9.658,0.1,17.326,0.18,26.931,0.28,26.899,0.279,7.341,0.076,0.562
0,yolo11n_pose_640_aipp_pc_baseline,1,289,2,1,/model.23/cv2.0/cv2.0.1/conv/Conv/model.23/cv2.0/cv2.0.1/act/Sigmoid/model.23/cv2.0/cv2.0.1/act/Mul,Conv2D,static,AI_CORE,1784291623129442.389	,188.587,0.25,1,0,YES,"""1,4,80,80,16;36,4,16,16;64""",FLOAT16;FLOAT16;FLOAT16,NC1HWC0;FRACTAL_Z;FORMAT_ND,"""1,4,80,80,16""",FLOAT16,NC1HWC0,N/A,76.45,93577,32.8,0.429,47.919,0.627,9.568,0.125,17.334,0.227,7.552,0.099,18.884,0.247,7.341,0.096,0.158
0,yolo11n_pose_640_aipp_pc_baseline,1,290,2,1,/model.23/cv2.0/cv2.0.2/Conv,Conv2D,static,AI_CORE,1784291623129631.060	,46.022,0.083,1,0,YES,"""1,4,80,80,16;4,4,16,16;64""",FLOAT16;FLOAT16;FLOAT16,NC1HWC0;FRACTAL_Z;FORMAT_ND,"""1,4,80,80,16""",FLOAT16,NC1HWC0,N/A,18.23,22308,0.0,0.0,15.054,0.826,0.477,0.026,2.359,0.129,14.429,0.792,0.002,0.0,17.671,0.969,0.959
0,yolo11n_pose_640_aipp_pc_baseline,1,292,2,1,trans_TransData_191,TransData,static,AI_VECTOR_CORE,1784291623129677.311	,86.398,0.229,1,0,NO,"""1,4,80,80,16""",FLOAT16,NC1HWC0,"""1,64,80,80""",FLOAT16,NCHW,N/A,34.72,42503,12.292,0.354,0.0,0.0,1.044,0.03,0.0,0.0,8.268,0.238,13.193,0.38,0.0,0.0,0.672
0,yolo11n_pose_640_aipp_pc_baseline,1,294,2,1,/model.23/Concat,ConcatD,static,AI_VECTOR_CORE,1784291623129763.938	,91.877,0.229,1,0,NO,"""1,64,6400;1,64,1600;1,64,400""",FLOAT16;FLOAT16;FLOAT16,FORMAT_ND;FORMAT_ND;FORMAT_ND,"""1,64,8400""",FLOAT16,FORMAT_ND,N/A,36.95,45227,4.139,0.112,0.0,0.0,0.533,0.014,0.0,0.0,29.113,0.788,29.142,0.789,0.0,0.0,7.036
0,yolo11n_pose_640_aipp_pc_baseline,1,299,2,1,/model.23/cv3.0/cv3.0.0/cv3.0.0.0/conv/Conv/model.23/cv3.0/cv3.0.0/cv3.0.0.0/act/Sigmoid/model.23/cv3.0/cv3.0.0/cv3.0.0.0/act/Mul,Conv2D,static,AI_CORE,1784291623129856.502	,185.004,0.688,1,0,YES,"""1,4,80,80,16;36,1,16,16;64""",FLOAT16;FLOAT16;FLOAT16,NC1HWC0;FRACTAL_Z:64;FORMAT_ND,"""1,4,80,80,16""",FLOAT16,NC1HWC0,N/A,74.99,91791,30.636,0.409,35.415,0.472,3.142,0.042,16.383,0.218,25.163,0.336,29.052,0.387,10.493,0.14,0.712
0,yolo11n_pose_640_aipp_pc_baseline,1,303,2,1,/model.23/cv3.0/cv3.0.0/cv3.0.0.1/conv/Conv/model.23/cv3.0/cv3.0.0/cv3.0.0.1/act/Sigmoid/model.23/cv3.0/cv3.0.0/cv3.0.0.1/act/Mul,Conv2D,static,AI_CORE,1784291623130042.068	,94.148,0.563,1,0,YES,"""1,4,80,80,16;4,4,16,16;64""",FLOAT16;FLOAT16;FLOAT16,NC1HWC0;FRACTAL_Z;FORMAT_ND,"""1,4,80,80,16""",FLOAT16,NC1HWC0,N/A,37.88,46368,31.822,0.84,5.988,0.158,1.949,0.051,2.155,0.057,25.299,0.668,28.218,0.745,6.737,0.178,0.795
0,yolo11n_pose_640_aipp_pc_baseline,1,304,2,1,/model.23/cv3.0/cv3.0.1/cv3.0.1.0/conv/Conv/model.23/cv3.0/cv3.0.1/cv3.0.1.0/act/Sigmoid/model.23/cv3.0/cv3.0.1/cv3.0.1.0/act/Mul,Conv2D,static,AI_CORE,1784291623130136.279	,135.44,0.063,1,0,YES,"""1,4,80,80,16;36,1,16,16;64""",FLOAT16;FLOAT16;FLOAT16,NC1HWC0;FRACTAL_Z:64;FORMAT_ND,"""1,4,80,80,16""",FLOAT16,NC1HWC0,N/A,54.75,67010,30.639,0.56,31.253,0.571,2.905,0.053,16.385,0.299,10.56,0.193,16.534,0.302,10.616,0.194,0.338
0,yolo11n_pose_640_aipp_pc_baseline,1,305,2,1,/model.23/cv3.0/cv3.0.1/cv3.0.1.1/conv/Conv/model.23/cv3.0/cv3.0.1/cv3.0.1.1/act/Sigmoid/model.23/cv3.0/cv3.0.1/cv3.0.1.1/act/Mul,Conv2D,static,AI_CORE,1784291623130271.802	,83.043,0.083,1,0,YES,"""1,4,80,80,16;4,4,16,16;64""",FLOAT16;FLOAT16;FLOAT16,NC1HWC0;FRACTAL_Z;FORMAT_ND,"""1,4,80,80,16""",FLOAT16,NC1HWC0,N/A,33.35,40818,31.678,0.95,5.971,0.179,1.9,0.057,2.374,0.071,10.61,0.318,17.511,0.525,6.738,0.202,0.335
0,yolo11n_pose_640_aipp_pc_baseline,1,306,2,1,/model.23/cv3.0/cv3.0.2/Conv,Conv2D,static,AI_CORE,1784291623130354.908	,28.188,0.063,1,0,YES,"""1,4,80,80,16;4,1,16,16;1""",FLOAT16;FLOAT16;FLOAT16,NC1HWC0;FRACTAL_Z;FORMAT_ND,"""1,1,80,80,16""",FLOAT16,NC1HWC0,N/A,10.94,13388,0.0,0.0,3.896,0.356,0.333,0.03,2.389,0.218,9.69,0.886,0.002,0.0,10.379,0.949,2.489
0,yolo11n_pose_640_aipp_pc_baseline,1,309,2,1,trans_TransData_181,TransData,static,AI_VECTOR_CORE,1784291623130383.471	,15.063,0.375,1,0,NO,"""1,1,80,80,16""",FLOAT16,NC1HWC0,"""1,1,80,80""",FLOAT16,NCHW,N/A,5.57,6819,2.46,0.442,0.0,0.0,0.258,0.046,0.0,0.0,1.988,0.357,0.442,0.079,0.0,0.0,0.808
0,yolo11n_pose_640_aipp_pc_baseline,1,312,2,1,/model.23/Sigmoid,Sigmoid,static,AI_VECTOR_CORE,1784291623130398.909	,5.813,0.375,1,0,NO,"""1,1,8400""",FLOAT16,FORMAT_ND,"""1,1,8400""",FLOAT16,FORMAT_ND,N/A,1.79,2194,0.623,0.348,0.0,0.0,0.126,0.071,0.0,0.0,0.512,0.286,0.348,0.194,0.0,0.0,0.822
0,yolo11n_pose_640_aipp_pc_baseline,1,315,2,1,/model.23/cv4.0/cv4.0.0/conv/Conv/model.23/cv4.0/cv4.0.0/act/Sigmoid/model.23/cv4.0/cv4.0.0/act/Mul,Conv2D,static,AI_CORE,1784291623130405.118	,215.4,0.396,1,0,YES,"""1,4,80,80,16;36,4,16,16;51""",FLOAT16;FLOAT16;FLOAT16,NC1HWC0;FRACTAL_Z;FORMAT_ND,"""1,4,80,80,16""",FLOAT16,NC1HWC0,N/A,87.4,106982,32.794,0.375,47.918,0.548,9.761,0.112,17.325,0.198,17.355,0.199,17.406,0.199,7.341,0.084,0.363
0,yolo11n_pose_640_aipp_pc_baseline,1,316,2,1,/model.23/cv4.0/cv4.0.1/conv/Conv/model.23/cv4.0/cv4.0.1/act/Sigmoid/model.23/cv4.0/cv4.0.1/act/Mul,Conv2D,static,AI_CORE,1784291623130620.601	,188.837,0.083,1,0,YES,"""1,4,80,80,16;36,4,16,16;51""",FLOAT16;FLOAT16;FLOAT16,NC1HWC0;FRACTAL_Z;FORMAT_ND,"""1,4,80,80,16""",FLOAT16,NC1HWC0,N/A,76.56,93705,32.796,0.428,47.922,0.626,9.513,0.124,17.328,0.226,7.643,0.1,21.09,0.275,7.342,0.096,0.16
0,yolo11n_pose_640_aipp_pc_baseline,1,317,2,1,/model.23/cv4.0/cv4.0.2/Conv,Conv2D,static,AI_CORE,1784291623130809.501	,44.647,0.063,1,0,YES,"""1,4,80,80,16;4,4,16,16;51""",FLOAT16;FLOAT16;FLOAT16,NC1HWC0;FRACTAL_Z;FORMAT_ND,"""1,4,80,80,16""",FLOAT16,NC1HWC0,N/A,17.66,21615,0.0,0.0,14.591,0.826,0.532,0.03,2.383,0.135,14.084,0.798,0.002,0.0,17.019,0.964,0.966
0,yolo11n_pose_640_aipp_pc_baseline,1,318,2,1,trans_TransData_163,TransData,static,AI_VECTOR_CORE,1784291623130854.210	,78.627,0.063,1,0,NO,"""1,4,80,80,16""",FLOAT16,NC1HWC0,"""1,51,80,80""",FLOAT16,NCHW,N/A,31.54,38605,13.99,0.444,0.0,0.0,1.131,0.036,0.0,0.0,15.901,0.504,15.184,0.481,0.0,0.0,1.135
0,yolo11n_pose_640_aipp_pc_baseline,1,321,2,1,/model.23/Concat_2,ConcatD,static,AI_VECTOR_CORE,1784291623130933.212	,72.127,0.375,1,0,NO,"""1,51,6400;1,51,1600;1,51,400""",FLOAT16;FLOAT16;FLOAT16,FORMAT_ND;FORMAT_ND;FORMAT_ND,"""1,51,8400""",FLOAT16,FORMAT_ND,N/A,28.88,35354,3.299,0.114,0.0,0.0,0.461,0.016,0.0,0.0,22.681,0.785,21.721,0.752,0.0,0.0,6.886
0,yolo11n_pose_640_aipp_pc_baseline,1,322,2,1,/model.23/Slice_2,StridedSliceD,static,AI_VECTOR_CORE,1784291623131005.422	,54.876,0.083,1,0,NO,"""1,17,3,8400""",FLOAT16,FORMAT_ND,"""1,17,2,8400""",FLOAT16,FORMAT_ND,N/A,21.85,26739,0.0,0.0,0.0,0.0,0.177,0.008,0.0,0.0,11.853,0.542,9.575,0.438,0.0,0.0,0
0,yolo11n_pose_640_aipp_pc_baseline,1,323,2,1,/model.23/Mul_3/model.23/Add_3/model.23/Mul_4,AutomaticBufferFusionOp,static,AI_VECTOR_CORE,1784291623131060.381	,55.23,0.083,1,0,NO,"""1,17,2,8400;;2,8400;1,8400""",FLOAT16;FLOAT16;FLOAT16;FLOAT16,FORMAT_ND;FORMAT_ND;FORMAT_ND;FORMAT_ND,"""1,17,2,8400""",FLOAT16,FORMAT_ND,N/A,21.98,26904,7.613,0.346,0.0,0.0,0.609,0.028,0.0,0.0,11.206,0.51,16.468,0.749,0.0,0.0,1.474
0,yolo11n_pose_640_aipp_pc_baseline,1,325,2,1,/model.23/Slice_3,StridedSliceD,static,AI_VECTOR_CORE,1784291623131115.841	,29.501,0.229,1,0,NO,"""1,17,3,8400""",FLOAT16,FORMAT_ND,"""1,17,1,8400""",FLOAT16,FORMAT_ND,N/A,11.48,14050,0.0,0.0,0.0,0.0,0.123,0.011,0.0,0.0,4.048,0.353,6.971,0.607,0.0,0.0,0
0,yolo11n_pose_640_aipp_pc_baseline,1,326,2,1,/model.23/Sigmoid_1,Sigmoid,static,AI_VECTOR_CORE,1784291623131145.425	,30.001,0.083,1,0,NO,"""1,17,1,8400""",FLOAT16,FORMAT_ND,"""1,17,1,8400""",FLOAT16,FORMAT_ND,N/A,11.68,14298,9.779,0.837,0.0,0.0,0.202,0.017,0.0,0.0,2.972,0.254,4.983,0.427,0.0,0.0,0.303
0,yolo11n_pose_640_aipp_pc_baseline,1,328,2,1,/model.23/Concat_4,ConcatD,static,AI_VECTOR_CORE,1784291623131175.654	,74.835,0.229,1,0,NO,"""1,17,2,8400;1,17,1,8400""",FLOAT16;FLOAT16,FORMAT_ND;FORMAT_ND,"""1,17,3,8400""",FLOAT16,FORMAT_ND,N/A,29.99,36712,3.076,0.103,0.0,0.0,0.386,0.013,0.0,0.0,23.232,0.775,24.767,0.826,0.0,0.0,7.524
0,yolo11n_pose_640_aipp_pc_baseline,1,331,2,1,PartitionedCall_/model.23/dfl/Transpose_Transpose_49,Transpose,static,AI_VECTOR_CORE,1784291623131250.885	,148.232,0.396,1,0,NO,"""1,4,16,8400;4""",FLOAT16;INT32,FORMAT_ND;FORMAT_ND,"""1,16,4,8400""",FLOAT16,FORMAT_ND,N/A,59.97,73408,0.158,0.003,0.0,0.0,0.255,0.004,0.0,0.0,38.853,0.648,20.375,0.34,0.0,0.0,216.0
0,yolo11n_pose_640_aipp_pc_baseline,1,333,2,1,trans_TransData_316,TransData,static,AI_VECTOR_CORE,1784291623131399.347	,84.252,0.229,1,0,NO,"""1,16,4,8400""",FLOAT16,NCHW,"""1,1,4,8400,16""",FLOAT16,NC1HWC0,N/A,33.84,41423,4.865,0.144,0.0,0.0,0.797,0.024,0.0,0.0,25.966,0.767,25.362,0.749,0.0,0.0,5.326
0,yolo11n_pose_640_aipp_pc_baseline,1,334,2,1,/model.23/dfl/Softmax,SoftmaxV2,static,AI_VECTOR_CORE,1784291623131483.661	,344.841,0.063,1,0,NO,"""1,1,4,8400,16""",FLOAT16,NC1HWC0,"""1,1,4,8400,16""",FLOAT16,NC1HWC0,N/A,140.28,171705,138.601,0.988,0.0,0.0,3.061,0.022,0.0,0.0,27.182,0.194,27.267,0.194,0.0,0.0,0.196
0,yolo11n_pose_640_aipp_pc_baseline,1,335,2,1,/model.23/dfl/conv/Conv,Conv2D,static,AI_CORE,1784291623131828.564	,64.314,0.063,1,0,YES,"""1,1,4,8400,16;1,1,16,16""",FLOAT16;FLOAT16,NC1HWC0;FRACTAL_Z,"""1,1,4,8400,16""",FLOAT16,NC1HWC0,N/A,25.7,31454,0.0,0.0,14.498,0.564,0.817,0.032,1.808,0.07,12.279,0.478,0.002,0.0,25.167,0.979,0.848
0,yolo11n_pose_640_aipp_pc_baseline,1,337,2,1,trans_TransData_319,TransData,static,AI_VECTOR_CORE,1784291623131893.107	,65.126,0.229,1,0,NO,"""1,1,4,8400,16""",FLOAT16,NC1HWC0,"""1,1,4,8400""",FLOAT16,NCHW,N/A,26.02,31849,13.392,0.515,0.0,0.0,1.287,0.049,0.0,0.0,11.174,0.429,2.502,0.096,0.0,0.0,0.833
0,yolo11n_pose_640_aipp_pc_baseline,1,339,2,1,/model.23/Slice,StridedSliceD,static,AI_VECTOR_CORE,1784291623131958.462	,4.729,0.229,1,0,NO,"""1,4,8400""",FLOAT16,FORMAT_ND,"""1,2,8400""",FLOAT16,FORMAT_ND,N/A,1.36,1666,0.0,0.0,0.0,0.0,0.11,0.081,0.0,0.0,0.421,0.31,0.63,0.463,0.0,0.0,0
0,yolo11n_pose_640_aipp_pc_baseline,1,341,2,1,/model.23/Sub,Sub,static,AI_VECTOR_CORE,1784291623131963.421	,6.417,0.229,1,0,NO,"""1,2,8400;1,2,8400""",FLOAT16;FLOAT16,FORMAT_ND;FORMAT_ND,"""1,2,8400""",FLOAT16,FORMAT_ND,N/A,2.04,2500,0.182,0.089,0.0,0.0,0.122,0.06,0.0,0.0,0.777,0.381,0.682,0.334,0.0,0.0,4.281
0,yolo11n_pose_640_aipp_pc_baseline,1,343,2,1,/model.23/Slice_1,StridedSliceD,static,AI_VECTOR_CORE,1784291623131970.067	,4.625,0.229,1,0,NO,"""1,4,8400""",FLOAT16,FORMAT_ND,"""1,2,8400""",FLOAT16,FORMAT_ND,N/A,1.31,1609,0.0,0.0,0.0,0.0,0.111,0.085,0.0,0.0,0.375,0.287,0.597,0.456,0.0,0.0,0
0,yolo11n_pose_640_aipp_pc_baseline,1,344,2,1,/model.23/Add_1/model.23/Add_2/model.23/Div_1/Muls/model.23/Sub_1,Add,static,AI_VECTOR_CORE,1784291623131974.775	,9.021,0.083,1,0,NO,"""1,2,8400;1,2,8400;1,2,8400;1,2,8400""",FLOAT16;FLOAT16;FLOAT16;FLOAT16,FORMAT_ND;FORMAT_ND;FORMAT_ND;FORMAT_ND,"""1,2,8400;1,2,8400""",FLOAT16;FLOAT16,FORMAT_ND;FORMAT_ND,N/A,3.11,3810,0.481,0.155,0.0,0.0,0.144,0.046,0.0,0.0,1.739,0.559,1.393,0.448,0.0,0.0,3.606
0,yolo11n_pose_640_aipp_pc_baseline,1,347,2,1,/model.23/Mul_2,Mul,static,AI_VECTOR_CORE,1784291623131984.171	,8.542,0.375,1,0,NO,"""1,4,8400;1,8400""",FLOAT16;FLOAT16,FORMAT_ND;FORMAT_ND,"""1,4,8400""",FLOAT16,FORMAT_ND,N/A,2.91,3556,0.411,0.141,0.0,0.0,0.134,0.046,0.0,0.0,0.822,0.283,1.767,0.607,0.0,0.0,2.007
0,yolo11n_pose_640_aipp_pc_baseline,1,348,2,1,trans_Cast_323,Cast,static,AI_VECTOR_CORE,1784291623131992.776	,99.377,0.063,1,0,NO,"""1,56,8400""",FLOAT16,FORMAT_ND,"""1,56,8400""",FLOAT,FORMAT_ND,N/A,40.02,48982,8.0,0.2,0.0,0.0,0.743,0.019,0.0,0.0,30.269,0.756,38.962,0.974,0.0,0.0,3.78
