node_id,node_name,node_type,line_num,rtl_name,op_type,bitwidth,const_type,content
0_118,empty,2,0,not_exist,not_exist,32,0,1
0_123,empty,2,0,not_exist,not_exist,64,0,1
0_132,empty,2,0,not_exist,not_exist,3,0,0
0_138,empty,2,0,not_exist,not_exist,32,0,7
0_142,empty,2,0,not_exist,not_exist,64,0,0
0_147,empty,2,0,not_exist,not_exist,16,0,255
0_151,empty,2,0,not_exist,not_exist,16,0,65535
0_170,empty,2,0,not_exist,not_exist,8,0,1
0_177,empty,2,0,not_exist,not_exist,9,0,0
0_185,empty,2,0,not_exist,not_exist,32,0,8
0_218,empty,2,0,not_exist,not_exist,32,0,64
0_220,empty,2,0,not_exist,not_exist,32,0,127
0_227,bfs_Pipeline_loop_neighbors,2,0,not_exist,not_exist,1,6,<constant bfs_Pipeline_loop_neighbors>
0_255,empty,2,0,not_exist,not_exist,32,0,15
0_294,bfs_Pipeline_loop_neighbors1,2,0,not_exist,not_exist,1,6,<constant bfs_Pipeline_loop_neighbors1>
0_318,empty,2,0,not_exist,not_exist,9,0,2
1_133,empty,2,0,not_exist,not_exist,32,0,1
1_175,empty,2,0,not_exist,not_exist,64,0,2
1_189,empty,2,0,not_exist,not_exist,6,0,0
1_194,empty,2,0,not_exist,not_exist,32,0,2
1_196,empty,2,0,not_exist,not_exist,32,0,11
1_200,empty,2,0,not_exist,not_exist,64,0,0
1_225,empty,2,0,not_exist,not_exist,3,0,0
1_231,empty,2,0,not_exist,not_exist,32,0,7
1_243,empty,2,0,not_exist,not_exist,8,0,127
1_253,empty,2,0,not_exist,not_exist,64,0,1
1_256,empty,2,0,not_exist,not_exist,12,0,1
1_259,empty,2,0,not_exist,not_exist,2,0,1
1_262,empty,2,0,not_exist,not_exist,1,0,1
1_328,empty,2,0,not_exist,not_exist,16,0,255
1_332,empty,2,0,not_exist,not_exist,16,0,65535
1_365,empty,2,0,not_exist,not_exist,1,0,0
2_133,empty,2,0,not_exist,not_exist,32,0,1
2_175,empty,2,0,not_exist,not_exist,64,0,2
2_189,empty,2,0,not_exist,not_exist,6,0,0
2_194,empty,2,0,not_exist,not_exist,32,0,2
2_196,empty,2,0,not_exist,not_exist,32,0,11
2_200,empty,2,0,not_exist,not_exist,64,0,0
2_225,empty,2,0,not_exist,not_exist,3,0,0
2_231,empty,2,0,not_exist,not_exist,32,0,7
2_243,empty,2,0,not_exist,not_exist,8,0,127
2_253,empty,2,0,not_exist,not_exist,64,0,1
2_256,empty,2,0,not_exist,not_exist,12,0,1
2_259,empty,2,0,not_exist,not_exist,2,0,1
2_262,empty,2,0,not_exist,not_exist,1,0,1
2_328,empty,2,0,not_exist,not_exist,16,0,255
2_332,empty,2,0,not_exist,not_exist,16,0,65535
2_365,empty,2,0,not_exist,not_exist,1,0,0
